id,fixation_durations,fixation_counts,fixation_durations_elmo,fixations_counts_elmo,accumulate_fixation_durations,accumulate_fixation_counts,accumulate_fixation_durations_elmo,accumulate_fixations_counts_elmo,game_percentage,task
O20,75.23551321029663,68,13.719930171966553,20,75.23551321029663,68,13.719930171966553,20,14.564169951817785,-1
O20,73.56856751441956,61,0.37737369537353516,3,148.8040807247162,129,14.097303867340088,23,26.319535698642138,0
O20,35.119335412979126,28,0.0,0,183.9234161376953,157,14.097303867340088,23,32.28756022777048,1
O20,39.17650318145752,40,0.0,0,223.09991931915283,197,14.097303867340088,23,38.75383267630311,2
O20,50.68137764930725,44,0.0,0,273.7812969684601,241,14.097303867340088,23,46.75317564607972,3
O20,30.913012981414795,20,0.12472271919250488,2,304.6943099498749,261,14.222026586532593,25,51.69732807709154,4
O20,27.7658748626709,13,0.0,0,332.4601848125458,274,14.222026586532593,25,55.568331143232584,5
O20,40.9909884929657,27,2.29319167137146,8,373.4511733055115,301,16.515218257904053,33,64.93101182654402,6
O20,0.0,0,0.0,0,373.4511733055115,301,16.515218257904053,33,67.2634691195795,7
O20,0.0,0,0.0,0,373.4511733055115,301,16.515218257904053,33,72.76062198861148,8
O20,0.0,0,0.0,0,373.4511733055115,301,16.515218257904053,33,77.87450722733246,9
O20,0.0,0,0.0,0,373.4511733055115,301,16.515218257904053,33,81.83858957512045,10
O20,0.0,0,0.0,0,373.4511733055115,301,16.515218257904053,33,85.43035479632063,11
O20,0.0,0,5.733882427215576,7,373.4511733055115,301,22.24910068511963,40,89.03307052124397,12
O20,0.0,0,0.0,0,373.4511733055115,301,22.24910068511963,40,92.29632063074902,13
O20,0.0,0,0.0,0,373.4511733055115,301,22.24910068511963,40,94.8532632501095,14
O20,12.747643232345581,8,0.0,0,386.19881653785706,309,22.24910068511963,40,99.99452474813842,15
O21,24.7272367477417,45,12.196524858474731,32,24.7272367477417,45,12.196524858474731,32,8.47953216374269,-1
O21,31.107813358306885,62,9.152084350585938,21,55.835050106048584,107,21.34860920906067,53,20.975684826100338,0
O21,10.872752904891968,10,0.6320586204528809,3,66.70780301094055,117,21.98066782951355,56,24.730686365035396,1
O21,21.837684631347656,9,0.0,0,88.54548764228821,126,21.98066782951355,56,28.93967374576793,2
O21,24.64846658706665,15,0.3951272964477539,3,113.19395422935486,141,22.375795125961304,59,35.141582025238534,3
O21,22.496448278427124,29,1.1062672138214111,3,135.69040250778198,170,23.482062339782715,62,40.28931979070483,4
O21,19.841264486312866,12,2.8920300006866455,8,155.53166699409485,182,26.37409234046936,70,44.552169898430286,5
O21,20.166356563568115,23,0.0,0,175.69802355766296,205,26.37409234046936,70,49.445983379501385,6
O21,24.37098217010498,23,1.102602481842041,1,200.06900572776794,228,27.4766948223114,71,55.570944906124964,7
O21,21.833984851837158,26,0.0,0,221.9029905796051,254,27.4766948223114,71,60.81871345029239,8
O21,11.016908407211304,14,0.3463318347930908,1,232.9198989868164,268,27.823026657104492,72,66.76669744536781,9
O21,12.939708471298218,15,0.0,0,245.85960745811462,283,27.823026657104492,72,71.97599261311173,10
O21,30.52200174331665,15,0.0,0,276.3816092014313,298,27.823026657104492,72,78.41643582640813,11
O21,25.416850090026855,11,0.0,0,301.79845929145813,309,27.823026657104492,72,84.05663281009541,12
O21,21.38560652732849,16,0.4572608470916748,3,323.1840658187866,325,28.280287504196167,75,88.96583564173592,13
O21,22.043174028396606,30,8.55232048034668,35,345.2272398471832,355,36.83260798454285,110,94.79070483225608,14
O21,22.494871377944946,23,8.532477378845215,30,367.7221112251282,378,45.36508536338806,140,99.99230532471529,15
O22,120.53284168243408,58,18.10828709602356,44,120.53284168243408,58,18.10828709602356,44,20.131973605278944,-1
O22,86.78997373580933,16,0.0,0,207.3228154182434,74,18.10828709602356,44,32.47750449910018,0
O22,31.351195335388184,11,0.0,0,238.6740107536316,85,18.10828709602356,44,36.95860827834433,1
O22,23.285858392715454,14,0.0,0,261.95986914634705,99,18.10828709602356,44,41.571685662867424,2
O22,23.584676265716553,13,0.0,0,285.5445454120636,112,18.10828709602356,44,45.89082183563287,3
O22,19.02971339225769,12,0.0,0,304.5742588043213,124,18.10828709602356,44,50.37792441511698,4
O22,26.115734100341797,15,0.0,0,330.6899929046631,139,18.10828709602356,44,54.69106178764247,5
O22,44.48493576049805,17,0.0,0,375.17492866516113,156,18.10828709602356,44,61.15776844631073,6
O22,28.373173475265503,17,0.0,0,403.54810214042664,173,18.10828709602356,44,65.36292741451709,7
O22,23.92131519317627,15,0.0,0,427.4694173336029,188,18.10828709602356,44,70.10197960407918,8
O22,22.11676549911499,12,0.0,0,449.5861828327179,200,18.10828709602356,44,73.43131373725255,9
O22,28.466771602630615,17,0.0,0,478.0529544353485,217,18.10828709602356,44,78.03239352129575,10
O22,22.773475646972656,13,0.0,0,500.82643008232117,230,18.10828709602356,44,82.11157768446311,11
O22,19.68621253967285,7,0.0,0,520.512642621994,237,18.10828709602356,44,85.59688062387522,12
O22,20.21624994277954,7,0.0,0,540.7288925647736,244,18.10828709602356,44,88.81823635272946,13
O22,23.5100200176239,16,0.0,0,564.2389125823975,260,18.10828709602356,44,92.9634073185363,14
O22,44.54959487915039,29,0.0,0,608.7885074615479,289,18.10828709602356,44,99.99400119976005,15
O24,147.02539157867432,93,0.9501445293426514,3,147.02539157867432,93,0.9501445293426514,3,29.601205975058242,-1
O24,52.868929862976074,46,0.16646862030029297,1,199.8943214416504,139,1.1166131496429443,4,40.509798547348225,0
O24,18.695024967193604,12,0.0,0,218.589346408844,151,1.1166131496429443,4,45.08702206386186,1
O24,4.525098562240601,5,0.0,0,223.1144449710846,156,1.1166131496429443,4,47.26599972591476,2
O24,28.704232215881348,24,0.0,0,251.81867718696594,180,1.1166131496429443,4,53.220501575990134,3
O24,26.781798839569092,15,0.0,0,278.60047602653503,195,1.1166131496429443,4,58.79128408935179,4
O24,17.790397882461548,8,0.0,0,296.3908739089966,203,1.1166131496429443,4,63.40962039194189,5
O24,25.395822763442993,6,0.0,0,321.7866966724396,209,1.1166131496429443,4,67.93202686035357,6
O24,22.872211694717407,13,0.0,0,344.658908367157,222,1.1166131496429443,4,72.9203782376319,7
O24,17.035096406936646,12,0.0,0,361.6940047740936,234,1.1166131496429443,4,76.28477456488967,8
O24,12.117616415023804,9,0.0,0,373.81162118911743,243,1.1166131496429443,4,78.64190763327395,9
O24,21.841875553131104,7,0.0,0,395.65349674224854,250,1.1166131496429443,4,82.68466493079347,10
O24,19.822442770004272,15,0.0,0,415.4759395122528,265,1.1166131496429443,4,87.03576812388653,11
O24,10.626806020736694,4,0.0,0,426.1027455329895,269,1.1166131496429443,4,90.00959298341785,12
O24,17.55119562149048,11,5.550732851028442,5,443.65394115448,280,6.667346000671387,9,93.64807455118542,13
O24,13.127027750015259,14,6.957668781280518,14,456.78096890449524,294,13.625014781951904,23,96.38207482527066,14
O24,20.34013605117798,9,0.0,0,477.1211049556732,303,13.625014781951904,23,99.99314786898725,15
O25,54.621214628219604,53,1.883389949798584,11,54.621214628219604,53,1.883389949798584,11,12.837734696992825,-1
O25,65.5613465309143,50,6.60471510887146,7,120.18256115913391,103,8.488105058670044,18,28.79713020912838,0
O25,16.0818133354187,12,1.0004494190216064,1,136.2643744945526,115,9.48855447769165,19,32.384368798656695,1
O25,26.53804326057434,19,0.0,0,162.80241775512695,134,9.48855447769165,19,40.29919096321172,2
O25,16.744796991348267,19,0.7337892055511475,3,179.54721474647522,153,10.222343683242798,22,45.33658983361319,3
O25,8.33041501045227,15,0.983273983001709,3,187.8776297569275,168,11.205617666244507,25,50.49610746450923,4
O25,48.27823758125305,57,2.2210640907287598,8,236.15586733818054,225,13.426681756973267,33,65.22668294916807,5
O25,16.43767738342285,19,1.3329074382781982,3,252.5935447216034,244,14.759589195251465,36,69.82903373530759,6
O25,9.757846117019653,12,0.0,0,262.35139083862305,256,14.759589195251465,36,72.10349564951916,7
O25,20.155590057373047,18,0.0,0,282.5069808959961,274,14.759589195251465,36,76.57609525263318,8
O25,17.191574573516846,5,0.0,0,299.69855546951294,279,14.759589195251465,36,80.08700961685238,9
O25,16.6992027759552,5,0.0,0,316.39775824546814,284,14.759589195251465,36,83.63608609372615,10
O25,23.92556667327881,10,0.0,0,340.32332491874695,294,14.759589195251465,36,88.91009006258587,11
O25,5.887133359909058,4,0.0,0,346.210458278656,298,14.759589195251465,36,91.01663868111739,12
O25,9.757753610610962,8,0.0,0,355.96821188926697,306,14.759589195251465,36,93.9245916653946,13
O25,14.172313213348389,10,0.0,0,370.14052510261536,316,14.759589195251465,36,96.82491222714089,14
O25,14.802306175231934,14,0.0,0,384.9428312778473,330,14.759589195251465,36,99.99236757746908,15
O26,71.39967107772827,80,44.83092784881592,104,71.39967107772827,80,44.83092784881592,104,11.790393013100436,-1
O26,153.43434596061707,116,7.793216943740845,24,224.83401703834534,196,52.62414479255676,128,31.92096502226642,0
O26,24.769817113876343,21,14.948388576507568,37,249.60383415222168,217,67.57253336906433,165,35.440356262700504,1
O26,25.457337856292725,19,4.653582572937012,12,275.0611720085144,236,72.22611594200134,177,38.74789225647455,2
O26,37.35594296455383,26,9.423891067504883,35,312.41711497306824,262,81.65000700950623,212,43.828094599852996,3
O26,24.81221055984497,20,3.340468645095825,8,337.2293255329132,282,84.99047565460205,220,47.10104198192745,4
O26,27.50138211250305,10,0.0,0,364.73070764541626,292,84.99047565460205,220,50.793376280859526,5
O26,45.92091131210327,30,0.0,0,410.65161895751953,322,84.99047565460205,220,56.82044186951446,6
O26,47.24878978729248,27,0.0,0,457.900408744812,349,84.99047565460205,220,62.90803752864369,7
O26,16.242427349090576,13,0.0,0,474.1428360939026,362,84.99047565460205,220,65.19953305374206,8
O26,25.64988112449646,17,1.2685818672180176,3,499.79271721839905,379,86.25905752182007,223,68.33412598901812,9
O26,38.5224335193634,28,3.8084092140197754,12,538.3151507377625,407,90.06746673583984,235,73.60456569674434,10
O26,32.154972314834595,30,2.079138994216919,4,570.470123052597,437,92.14660573005676,239,78.01029011198062,11
O26,12.00931715965271,7,1.0563409328460693,5,582.4794402122498,444,93.20294666290283,244,79.4586882269013,12
O26,21.788325786590576,12,0.1905214786529541,2,604.2677659988403,456,93.39346814155579,246,82.28198365688098,13
O26,65.65904927253723,37,0.30219221115112305,1,669.9268152713776,493,93.69566035270691,247,90.28924726533789,14
O26,69.81103682518005,64,10.376976251602173,30,739.7378520965576,557,104.07263660430908,277,99.99567642353755,15
O27,0.8375911712646484,8,0.6317083835601807,6,0.8375911712646484,8,0.6317083835601807,6,9.43632399257046,-1
O27,0.5721180438995361,5,0.0,0,1.4097092151641846,13,0.6317083835601807,6,20.94807397238149,0
O27,8.464260339736938,27,0.0,0,9.873969554901123,40,0.6317083835601807,6,26.132601146733425,1
O27,4.191714525222778,13,0.0,0,14.065684080123901,53,0.6317083835601807,6,32.14891383348139,2
O27,14.689383029937744,50,0.0,0,28.755067110061646,103,0.6317083835601807,6,40.014536057498184,3
O27,15.55640959739685,40,0.0,0,44.311476707458496,143,0.6317083835601807,6,46.85859646289268,4
O27,22.68802785873413,55,0.0,0,66.99950456619263,198,0.6317083835601807,6,52.84260679964468,5
O27,10.238338470458984,26,0.0,0,77.23784303665161,224,0.6317083835601807,6,57.013647742873296,6
O27,6.255027770996094,19,0.0,0,83.4928708076477,243,0.6317083835601807,6,61.92764273600905,7
O27,1.6484904289245605,9,0.0,0,85.14136123657227,252,0.6317083835601807,6,66.81337317289832,8
O27,11.350913047790527,28,0.0,0,96.4922742843628,280,0.6317083835601807,6,70.92384720988451,9
O27,13.96320652961731,26,0.0,0,110.4554808139801,306,0.6317083835601807,6,75.8136154405233,10
O27,5.422783851623535,16,0.0,0,115.87826466560364,322,0.6317083835601807,6,80.767988371154,11
O27,4.192997694015503,18,0.0,0,120.07126235961914,340,0.6317083835601807,6,85.79907938302512,12
O27,8.851750373840332,25,0.0,0,128.92301273345947,365,0.6317083835601807,6,91.39142372607607,13
O27,2.2965087890625,9,0.0,0,131.21952152252197,374,0.6317083835601807,6,96.05911330049261,14
O27,2.340935468673706,8,0.0,0,133.56045699119568,382,0.6317083835601807,6,99.9959622062505,15
O28,56.373369216918945,74,24.466664791107178,50,56.373369216918945,74,24.466664791107178,50,18.99637972646822,-1
O28,86.34235572814941,48,17.757769346237183,17,142.71572494506836,122,42.22443413734436,67,42.0353982300885,0
O28,10.813274621963501,8,0.0,0,153.52899956703186,130,42.22443413734436,67,45.172968624296054,1
O28,13.220007181167603,12,0.0,0,166.74900674819946,142,42.22443413734436,67,48.85358004827031,2
O28,15.602506160736084,15,0.0,0,182.35151290893555,157,42.22443413734436,67,53.40909090909091,3
O28,12.477592945098877,11,0.0,0,194.82910585403442,168,42.22443413734436,67,57.29082864038616,4
O28,9.108969449996948,9,0.0,0,203.93807530403137,177,42.22443413734436,67,60.438455349959774,5
O28,13.03406286239624,10,0.0,0,216.9721381664276,187,42.22443413734436,67,64.13917940466614,6
O28,10.473243713378906,15,0.0,0,227.44538187980652,202,42.22443413734436,67,68.01086082059533,7
O28,12.158643960952759,10,0.0,0,239.60402584075928,212,42.22443413734436,67,71.6311343523733,8
O28,11.309176683425903,8,0.0,0,250.91320252418518,220,42.22443413734436,67,75.0402252614642,9
O28,12.056559324264526,12,0.0,0,262.9697618484497,232,42.22443413734436,67,78.35880933226066,10
O28,6.619237899780273,5,0.0,0,269.58899974823,237,42.22443413734436,67,81.13435237329043,11
O28,12.676263570785522,18,0.0,0,282.2652633190155,255,42.22443413734436,67,84.77473853580048,12
O28,8.938031196594238,5,0.0,0,291.20329451560974,260,42.22443413734436,67,87.44971842316976,13
O28,13.024292230606079,9,0.0,0,304.2275867462158,269,42.22443413734436,67,90.85880933226066,14
O28,34.80444693565369,32,0.0,0,339.0320336818695,301,42.22443413734436,67,99.98994368463396,15
O29,73.26190042495728,125,20.995383262634277,28,73.26190042495728,125,20.995383262634277,28,22.67550702028081,-1
O29,43.08279752731323,63,43.77024579048157,28,116.34469795227051,188,64.76562905311584,56,34.719188767550705,0
O29,43.670023918151855,65,17.318475246429443,17,160.01472187042236,253,82.08410429954529,73,47.1216848673947,1
O29,22.08454465866089,29,0.10022282600402832,1,182.09926652908325,282,82.18432712554932,74,53.07332293291732,2
O29,11.407208442687988,17,12.519295930862427,15,193.50647497177124,299,94.70362305641174,89,56.458658346333856,3
O29,16.145254373550415,19,2.5008962154388428,5,209.65172934532166,318,97.20451927185059,94,60.91263650546021,4
O29,7.640863418579102,10,0.28179264068603516,3,217.29259276390076,328,97.48631191253662,97,63.94695787831514,5
O29,31.262046813964844,35,8.752121925354004,17,248.5546395778656,363,106.23843383789062,114,72.71450858034322,6
O29,19.51025915145874,21,12.403279781341553,22,268.06489872932434,384,118.64171361923218,136,77.46489859594384,7
O29,12.260112285614014,12,9.01138162612915,10,280.32501101493835,396,127.65309524536133,146,79.89859594383776,8
O29,24.04424786567688,13,16.369178295135498,15,304.36925888061523,409,144.02227354049683,161,85.10140405616224,9
O29,11.106636047363281,9,6.600315570831299,12,315.4758949279785,418,150.62258911132812,173,88.20592823712948,10
O29,6.373295545578003,5,0.21245265007019043,1,321.8491904735565,423,150.83504176139832,174,89.72698907956318,11
O29,9.143176794052124,6,2.7851357460021973,8,330.99236726760864,429,153.6201775074005,182,91.59126365054601,12
O29,13.111795425415039,7,4.2737016677856445,8,344.1041626930237,436,157.89387917518616,190,94.17316692667707,13
O29,7.715751647949219,9,3.715991258621216,10,351.8199143409729,445,161.60987043380737,200,96.18564742589703,14
O29,19.921003103256226,16,7.065070390701294,15,371.7409174442291,461,168.67494082450867,215,99.99219968798752,15
O30,107.74452042579651,66,0.06286120414733887,1,107.74452042579651,66,0.06286120414733887,1,16.768123962368566,-1
O30,85.76239252090454,58,0.0,0,193.50691294670105,124,0.06286120414733887,1,28.887659103486442,0
O30,22.291455268859863,12,0.0,0,215.7983682155609,136,0.06286120414733887,1,34.333148865522965,1
O30,37.1074104309082,11,0.0,0,252.90577864646912,147,0.06286120414733887,1,40.193691200885446,2
O30,44.21682047843933,31,0.0,0,297.12259912490845,178,0.06286120414733887,1,46.242390702822355,3
O30,31.480005502700806,28,0.0,0,328.60260462760925,206,0.06286120414733887,1,51.00166021029331,4
O30,61.890124797821045,19,0.0,0,390.4927294254303,225,0.06286120414733887,1,59.01494189263974,5
O30,43.74351453781128,25,0.0,0,434.2362439632416,250,0.06286120414733887,1,66.2589928057554,6
O30,38.69037103652954,21,0.0,0,472.9266149997711,271,0.06286120414733887,1,73.07692307692307,7
O30,29.003692150115967,23,0.0,0,501.9303071498871,294,0.06286120414733887,1,78.0852241283896,8
O30,12.976003646850586,10,0.0,0,514.9063107967377,304,0.06286120414733887,1,81.10680686220255,9
O30,15.956366300582886,14,0.0,0,530.8626770973206,318,0.06286120414733887,1,84.0398450470393,10
O30,35.97130584716797,28,0.0,0,566.8339829444885,346,0.06286120414733887,1,89.15329275041505,11
O30,0.0,0,0.0,0,566.8339829444885,346,0.06286120414733887,1,92.28555617044826,12
O30,7.46964955329895,9,0.0,0,574.3036324977875,355,0.06286120414733887,1,94.38295517432208,13
O30,16.083985805511475,12,0.0,0,590.387618303299,367,0.06286120414733887,1,97.31045932484781,14
O30,17.43502378463745,17,0.0,0,607.8226420879364,384,0.06286120414733887,1,99.99446596568899,15
O31,85.79404044151306,48,3.2141778469085693,3,85.79404044151306,48,3.2141778469085693,3,22.121009526993145,-1
O31,99.69397354125977,64,0.0,0,185.48801398277283,112,3.2141778469085693,3,46.899548721377236,0
O31,0.0,0,0.0,0,185.48801398277283,112,3.2141778469085693,3,49.314725054320576,1
O31,0.0,0,0.0,0,185.48801398277283,112,3.2141778469085693,3,51.77168644492729,2
O31,4.627966403961182,7,0.0,0,190.115980386734,119,3.2141778469085693,3,58.87514624770183,3
O31,7.243022680282593,4,0.0,0,197.3590030670166,123,3.2141778469085693,3,62.45194718368712,4
O31,0.40562915802001953,2,0.0,0,197.76463222503662,125,3.2141778469085693,3,65.00919271268594,5
O31,14.448105335235596,10,0.0,0,212.21273756027222,135,3.2141778469085693,3,68.15978606050477,6
O31,7.473849773406982,7,0.0,0,219.6865873336792,142,3.2141778469085693,3,70.73374561256894,7
O31,8.178966045379639,6,0.0,0,227.86555337905884,148,3.2141778469085693,3,72.87314056493398,8
O31,20.43754291534424,19,0.0,0,248.30309629440308,167,3.2141778469085693,3,78.82333277619922,9
O31,9.968824863433838,15,0.0,0,258.2719211578369,182,3.2141778469085693,3,81.72321577803777,10
O31,10.546725988388062,10,0.0,0,268.818647146225,192,3.2141778469085693,3,84.40581648002674,11
O31,4.30267858505249,4,0.0,0,273.12132573127747,196,3.2141778469085693,3,89.56209259568779,12
O31,5.694791078567505,4,0.0,0,278.81611680984497,200,3.2141778469085693,3,91.76834364031421,13
O31,8.27198600769043,8,0.0,0,287.0881028175354,208,3.2141778469085693,3,94.47601537690122,14
O31,23.74074387550354,14,0.0,0,310.82884669303894,222,3.2141778469085693,3,99.99164298846732,15
O32,95.24323511123657,106,55.2672233581543,88,95.24323511123657,106,55.2672233581543,88,15.887092687376475,-1
O32,80.74459648132324,65,26.48055100440979,47,175.98783159255981,171,81.74777436256409,135,27.659251000861502,0
O32,42.11286759376526,31,5.124515056610107,6,218.10069918632507,202,86.8722894191742,141,33.78604368317033,1
O32,31.105900049209595,37,3.5090701580047607,11,249.20659923553467,239,90.38135957717896,152,38.873967465666645,2
O32,34.92734146118164,26,2.022974729537964,3,284.1339406967163,265,92.40433430671692,155,43.70850858967212,3
O32,26.89567494392395,35,1.611957311630249,9,311.02961564064026,300,94.01629161834717,164,48.17817868545077,4
O32,26.454285860061646,12,2.756373167037964,8,337.4839015007019,312,96.77266478538513,172,52.27284244666295,5
O32,40.28222846984863,29,11.793609142303467,24,377.76612997055054,341,108.5662739276886,196,57.989155222216596,6
O32,44.2931923866272,26,23.20954465866089,34,422.05932235717773,367,131.7758185863495,230,64.35412760350681,7
O32,32.242377281188965,14,2.1794989109039307,8,454.3016996383667,381,133.95531749725342,238,68.79845943343638,8
O32,30.421473741531372,28,4.680230617523193,7,484.72317337989807,409,138.6355481147766,245,73.29853544823392,9
O32,36.7099392414093,28,5.768736839294434,17,521.4331126213074,437,144.40428495407104,262,78.27497086099427,10
O32,16.08021116256714,29,8.543481588363647,14,537.5133237838745,466,152.9477665424347,276,81.4321187857903,11
O32,17.17607569694519,17,2.5085740089416504,9,554.6893994808197,483,155.45634055137634,285,84.21426037601987,12
O32,26.305171489715576,27,0.0,0,580.9945709705353,510,155.45634055137634,285,88.39507424111895,13
O32,23.148232460021973,30,0.0,0,604.1428034305573,540,155.45634055137634,285,92.11979932093448,14
O32,53.295933961868286,42,17.194921493530273,32,657.4387373924255,582,172.65126204490662,317,99.99493234683018,15
O33,78.73036432266235,78,0.11012721061706543,1,78.73036432266235,78,0.11012721061706543,1,11.152193464574797,-1
O33,68.91160821914673,98,0.21236133575439453,2,147.64197254180908,176,0.32248854637145996,3,22.42929949035675,0
O33,40.234063148498535,31,0.0,0,187.87603569030762,207,0.32248854637145996,3,28.71489957030079,1
O33,35.616384744644165,50,0.0,0,223.49242043495178,257,0.32248854637145996,3,35.74497851503947,2
O33,44.494967460632324,56,0.0,0,267.9873878955841,313,0.32248854637145996,3,42.85999800139902,3
O33,37.09949493408203,45,0.0,0,305.08688282966614,358,0.32248854637145996,3,49.070650544618765,4
O33,59.75544285774231,38,0.0,0,364.84232568740845,396,0.32248854637145996,3,57.784550814429906,5
O33,36.452922105789185,54,0.0,0,401.29524779319763,450,0.32248854637145996,3,63.56550414709703,6
O33,26.733342170715332,67,0.0,0,428.02858996391296,517,0.32248854637145996,3,69.151593884281,7
O33,27.539915323257446,36,0.0,0,455.5685052871704,553,0.32248854637145996,3,73.10882382332368,8
O33,29.065428972244263,23,0.0,0,484.6339342594147,576,0.32248854637145996,3,77.59068651943639,9
O33,20.831599712371826,22,0.06649971008300781,1,505.4655339717865,598,0.3889882564544678,4,80.74347956430499,10
O33,24.989348888397217,16,3.0795738697052,9,530.4548828601837,614,3.468562126159668,13,84.37094034176077,11
O33,15.336117506027222,13,0.0,0,545.7910003662109,627,3.468562126159668,13,86.6393524532827,12
O33,21.407448530197144,18,1.7270777225494385,7,567.1984488964081,645,5.1956398487091064,20,90.75147396822224,13
O33,16.18160915374756,4,0.0,0,583.3800580501556,649,5.1956398487091064,20,93.26471469971021,14
O33,41.297486782073975,39,0.27930521965026855,2,624.6775448322296,688,5.474945068359375,22,99.99500349755172,15
O34,59.14535593986511,58,4.734004259109497,12,59.14535593986511,58,4.734004259109497,12,18.25332795482049,-1
O34,72.36046385765076,65,2.010047674179077,7,131.50581979751587,123,6.744051933288574,19,36.69826542960871,0
O34,18.46107816696167,14,3.215562105178833,10,149.96689796447754,137,9.959614038467407,29,41.28680919725696,1
O34,15.261240005493164,6,3.7099075317382812,12,165.2281379699707,143,13.669521570205688,41,44.81645824929407,2
O34,20.21413254737854,6,3.126614570617676,15,185.44227051734924,149,16.796136140823364,56,49.89915288422751,3
O34,18.27023959159851,9,10.26098346710205,15,203.71251010894775,158,27.057119607925415,71,54.457442517144,4
O34,18.437106132507324,9,10.864845514297485,30,222.14961624145508,167,37.9219651222229,101,59.70149253731343,5
O34,10.7594313621521,4,9.075563430786133,22,232.90904760360718,171,46.99752855300903,123,64.36062928600242,6
O34,14.882965326309204,18,8.546188831329346,20,247.79201292991638,189,55.54371738433838,143,68.76764824526018,7
O34,19.255144596099854,7,10.285883665084839,20,267.04715752601624,196,65.82960104942322,163,73.96127470754337,8
O34,15.015119314193726,6,0.0,0,282.06227684020996,202,65.82960104942322,163,78.1766841468334,9
O34,10.46876335144043,6,0.0,0,292.5310401916504,208,65.82960104942322,163,81.02057281161758,10
O34,6.785263299942017,3,0.0,0,299.3163034915924,211,65.82960104942322,163,83.1887858007261,11
O34,0.0,0,0.0,0,299.3163034915924,211,65.82960104942322,163,85.82089552238806,12
O34,8.071009397506714,5,0.0,0,307.3873128890991,216,65.82960104942322,163,88.10004033884631,13
O34,11.185137748718262,10,0.0,0,318.5724506378174,226,65.82960104942322,163,91.64985881403793,14
O34,33.02165484428406,26,0.42287397384643555,1,351.59410548210144,252,66.25247502326965,164,99.98991528842275,15
OX20,119.43496131896973,82,41.96187114715576,70,119.43496131896973,82,41.96187114715576,70,14.437109883694824,-1
OX20,114.76550436019897,65,60.76945662498474,91,234.2004656791687,147,102.7313277721405,161,26.992680407741705,0
OX20,34.645875692367554,13,5.0109663009643555,21,268.84634137153625,160,107.74229407310486,182,31.84696214468544,1
OX20,45.85426735877991,17,23.42825937271118,34,314.70060873031616,177,131.17055344581604,216,36.62041402847007,2
OX20,35.33647704124451,14,16.616711616516113,43,350.03708577156067,191,147.78726506233215,259,40.23081413624321,3
OX20,37.84600567817688,25,17.42296862602234,55,387.88309144973755,216,165.2102336883545,314,44.42947595311868,4
OX20,42.77091908454895,29,8.62909746170044,35,430.6540105342865,245,173.83933115005493,349,50.73869504692622,5
OX20,46.699400424957275,17,20.875327110290527,56,477.3534109592438,262,194.71465826034546,405,55.89833400691544,6
OX20,56.34575819969177,22,20.96771764755249,69,533.6991691589355,284,215.68237590789795,474,61.641744128609275,7
OX20,29.809365272521973,28,6.521306753158569,25,563.5085344314575,312,222.20368266105652,499,65.26112533117787,8
OX20,24.787886381149292,26,16.339186906814575,39,588.2964208126068,338,238.5428695678711,538,69.28914634693969,9
OX20,52.44780206680298,27,27.942938327789307,74,640.7442228794098,365,266.4858078956604,612,74.94723606807669,10
OX20,34.424145221710205,23,17.246437311172485,47,675.16836810112,388,283.7322452068329,659,78.86748394629305,11
OX20,35.22729969024658,23,21.5377459526062,57,710.3956677913666,411,305.2699911594391,716,83.56908707171404,12
OX20,44.88147592544556,24,26.533146858215332,68,755.2771437168121,435,331.8031380176544,784,89.43823252054426,13
OX20,37.08946442604065,19,0.12578630447387695,2,792.3666081428528,454,331.9289243221283,786,93.57851722124927,14
OX20,61.52422046661377,21,21.904004096984863,60,853.8908286094666,475,353.83292841911316,846,99.99550945260228,15
OX21,149.13851833343506,81,10.003562211990356,21,149.13851833343506,81,10.003562211990356,21,30.506009339355433,-1
OX21,77.806467294693,32,6.835184097290039,29,226.94498562812805,113,16.838746309280396,50,46.359947944576284,0
OX21,15.943498373031616,8,7.780658006668091,14,242.88848400115967,121,24.619404315948486,64,50.04210365153487,1
OX21,18.532137393951416,11,0.2511446475982666,1,261.4206213951111,132,24.870548963546753,65,53.724259358493455,2
OX21,10.937530040740967,8,0.0,0,272.35815143585205,140,24.870548963546753,65,56.212202403735745,3
OX21,3.9185781478881836,4,0.0,0,276.27672958374023,144,24.870548963546753,65,58.370971446069056,4
OX21,29.677056312561035,25,0.0,0,305.95378589630127,169,24.870548963546753,65,65.6127995100666,5
OX21,12.148294687271118,9,0.0,0,318.1020805835724,178,24.870548963546753,65,69.74661256985378,6
OX21,16.47807741165161,10,0.0,0,334.580157995224,188,24.870548963546753,65,73.40580264870245,7
OX21,13.866253852844238,11,0.0,0,348.44641184806824,199,24.870548963546753,65,77.63147822092934,8
OX21,11.766371011734009,10,0.0,0,360.21278285980225,209,24.870548963546753,65,80.11176605680166,9
OX21,7.671242713928223,3,0.0,0,367.88402557373047,212,24.870548963546753,65,82.08681007425554,10
OX21,20.54247760772705,17,0.0,0,388.4265031814575,229,24.870548963546753,65,87.16986909591978,11
OX21,15.987893342971802,7,0.0,0,404.4143965244293,236,24.870548963546753,65,90.17071116895046,12
OX21,20.22376775741577,18,0.0,0,424.6381642818451,254,24.870548963546753,65,94.15142004133813,13
OX21,12.11629581451416,12,0.0,0,436.75446009635925,266,24.870548963546753,65,97.35895276735819,14
OX21,12.09592866897583,9,0.0,0,448.8503887653351,275,24.870548963546753,65,99.99234479063003,15
OX22,100.17615175247192,48,51.576462268829346,106,100.17615175247192,48,51.576462268829346,106,11.753925404923473,-1
OX22,110.31612873077393,31,10.504876613616943,68,210.49228048324585,79,62.08133888244629,174,24.32512754470256,0
OX22,31.0915584564209,13,0.9747066497802734,10,241.58383893966675,92,63.05604553222656,184,27.995443063054136,1
OX22,46.150168895721436,11,0.4087362289428711,5,287.7340078353882,103,63.464781761169434,189,33.597503591064445,2
OX22,27.52065658569336,10,0.0,0,315.25466442108154,113,63.464781761169434,189,38.273317152905044,3
OX22,34.91287446022034,15,3.4633066654205322,19,350.1675388813019,128,66.92808842658997,208,44.21714795185497,4
OX22,47.52941012382507,25,0.0,0,397.69694900512695,153,66.92808842658997,208,50.84451929268413,5
OX22,23.372262716293335,14,0.0,0,421.0692117214203,167,66.92808842658997,208,54.99529446728416,6
OX22,39.361552476882935,17,0.25142741203308105,2,460.4307641983032,184,67.17951583862305,210,60.260537916687305,7
OX22,43.160099506378174,15,0.0,0,503.5908637046814,199,67.17951583862305,210,65.44653028877111,8
OX22,23.18061137199402,13,0.0,0,526.7714750766754,212,67.17951583862305,210,69.22086284610431,9
OX22,35.59562110900879,24,0.0,0,562.3670961856842,236,67.17951583862305,210,74.45143394918024,10
OX22,43.4416823387146,22,0.0,0,605.8087785243988,258,67.17951583862305,210,79.6324731289316,11
OX22,37.450902462005615,8,0.0,0,643.2596809864044,266,67.17951583862305,210,85.00668680964883,12
OX22,28.839030742645264,33,0.0,0,672.0987117290497,299,67.17951583862305,210,89.45960671652881,13
OX22,47.111042976379395,14,0.0,0,719.2097547054291,313,67.17951583862305,210,94.95765020555748,14
OX22,42.21365308761597,21,0.0,0,761.423407793045,334,67.17951583862305,210,99.99504680766755,15
OX23,51.62206745147705,53,1.985356330871582,5,51.62206745147705,53,1.985356330871582,5,15.534849049571376,-1
OX23,80.57949185371399,73,0.0,0,132.20155930519104,126,1.985356330871582,5,34.64032799105479,0
OX23,14.82748532295227,9,0.0,0,147.0290446281433,135,1.985356330871582,5,38.039508013417816,1
OX23,12.036290168762207,27,0.0,0,159.06533479690552,162,1.985356330871582,5,44.21915765933656,2
OX23,2.6495249271392822,11,0.0,0,161.7148597240448,173,1.985356330871582,5,47.439433469996274,3
OX23,12.801092386245728,22,0.0,0,174.51595211029053,195,1.985356330871582,5,52.366753633991806,4
OX23,27.030300855636597,33,0.0,0,201.54625296592712,228,1.985356330871582,5,58.9265747297801,5
OX23,17.087122917175293,24,0.0,0,218.63337588310242,252,1.985356330871582,5,63.60790160268356,6
OX23,3.7940351963043213,6,0.0,0,222.42741107940674,258,1.985356330871582,5,65.72493477450615,7
OX23,0.0,0,0.0,0,222.42741107940674,258,1.985356330871582,5,70.44353335818114,8
OX23,0.387937068939209,3,0.0,0,222.81534814834595,261,1.985356330871582,5,74.43906075288855,9
OX23,0.0,0,0.0,0,222.81534814834595,261,1.985356330871582,5,77.39098024599329,10
OX23,0.0,0,0.0,0,222.81534814834595,261,1.985356330871582,5,81.63995527394707,11
OX23,0.0,0,0.0,0,222.81534814834595,261,1.985356330871582,5,84.77823332090944,12
OX23,0.0,0,0.0,0,222.81534814834595,261,1.985356330871582,5,89.83973164368244,13
OX23,0.0,0,0.0,0,222.81534814834595,261,1.985356330871582,5,93.1420052180395,14
OX23,0.0,0,0.0,0,222.81534814834595,261,1.985356330871582,5,99.9925456578457,15
OX24,69.7749891281128,70,16.849480390548706,47,69.7749891281128,70,16.849480390548706,47,11.055514816891687,-1
OX24,122.0608024597168,90,24.583468675613403,39,191.8357915878296,160,41.43294906616211,86,26.256308501919513,0
OX24,48.53031277656555,37,6.245923757553101,18,240.36610436439514,197,47.67887282371521,104,32.13561661562352,1
OX24,44.09334659576416,40,12.494652271270752,25,284.4594509601593,237,60.17352509498596,129,37.90277358409179,2
OX24,33.1512086391449,35,0.0,0,317.6106595993042,272,60.17352509498596,129,42.50528404434284,3
OX24,35.29204869270325,29,6.1377112865448,7,352.90270829200745,301,66.31123638153076,136,46.87917870853643,4
OX24,44.32186317443848,33,8.886189222335815,27,397.2245714664459,334,75.19742560386658,163,52.068325928482075,5
OX24,33.1482036113739,41,1.9170560836791992,10,430.3727750778198,375,77.11448168754578,173,56.9770952853384,6
OX24,24.930441856384277,20,0.46680545806884766,3,455.3032169342041,395,77.58128714561462,176,60.16046240779882,7
OX24,36.39062976837158,31,2.0362370014190674,4,491.6938467025757,426,79.61752414703369,180,65.35823663891645,8
OX24,27.915959358215332,25,4.90751314163208,12,519.609806060791,451,84.52503728866577,192,68.64081438985463,9
OX24,46.934326171875,24,12.543139934539795,31,566.544132232666,475,97.06817722320557,223,74.01544234999784,10
OX24,48.12740230560303,52,0.0,0,614.671534538269,527,97.06817722320557,223,80.4598196954665,11
OX24,26.414228200912476,16,0.3326084613800049,3,641.0857627391815,543,97.40078568458557,226,84.28158564465342,12
OX24,27.2295503616333,27,6.799855470657349,14,668.3153131008148,570,104.20064115524292,240,88.83664754345857,13
OX24,30.00555109977722,35,0.668745756149292,3,698.320864200592,605,104.86938691139221,243,93.05094250097054,14
OX24,49.27365851402283,52,32.2769513130188,60,747.5945227146149,657,137.146338224411,303,99.99568649441402,15
OX25,70.06324005126953,68,0.0,0,70.06324005126953,68,0.0,0,8.982541451389592,-1
OX25,131.148029088974,109,0.0,0,201.21126914024353,177,0.0,0,20.757775301387905,0
OX25,41.192604303359985,17,0.0,0,242.40387344360352,194,0.0,0,24.347414986661263,1
OX25,58.3332200050354,30,0.0,0,300.7370934486389,224,0.0,0,29.39925032924729,2
OX25,40.36312198638916,40,0.0,0,341.1002154350281,264,0.0,0,34.9880120217472,3
OX25,58.47254705429077,74,0.0,0,399.57276248931885,338,0.0,0,41.5020430216459,4
OX25,64.32310628890991,35,0.0,0,463.89586877822876,373,0.0,0,47.41836355654611,5
OX25,48.288172245025635,39,0.0,0,512.1840410232544,412,0.0,0,53.01387903961098,6
OX25,45.667922258377075,35,0.0,0,557.8519632816315,447,0.0,0,57.251882619119975,7
OX25,39.16277027130127,39,0.0,0,597.0147335529327,486,0.0,0,61.28389558639786,8
OX25,37.75159740447998,58,0.0,0,634.7663309574127,544,0.0,0,65.44423057440989,9
OX25,75.42766094207764,82,1.784146785736084,10,710.1939918994904,626,1.784146785736084,10,73.47111066085841,10
OX25,42.710890769958496,44,0.0,0,752.9048826694489,670,1.784146785736084,10,78.8842737986695,11
OX25,11.925655841827393,27,0.0,0,764.8305385112762,697,1.784146785736084,10,81.6499510350184,12
OX25,71.2921404838562,87,0.0,0,836.1226789951324,784,1.784146785736084,10,88.98794448384155,13
OX25,50.19647479057312,37,0.0,0,886.3191537857056,821,1.784146785736084,10,93.67845203120251,14
OX25,68.81221270561218,56,0.0,0,955.1313664913177,877,1.784146785736084,10,99.99662310471751,15
OX26,64.03134274482727,31,16.483609199523926,23,64.03134274482727,31,16.483609199523926,23,9.761021388040158,-1
OX26,56.09872484207153,29,0.0,0,120.1300675868988,60,16.483609199523926,23,18.38171104321257,0
OX26,43.18918776512146,31,0.0,0,163.31925535202026,91,16.483609199523926,23,24.85268441728503,1
OX26,54.833990812301636,38,0.0,0,218.1532461643219,129,16.483609199523926,23,33.59886512439982,2
OX26,30.962206602096558,22,0.0,0,249.11545276641846,151,16.483609199523926,23,38.80401571366215,3
OX26,47.66132473945618,31,0.0,0,296.77677750587463,182,16.483609199523926,23,45.80423395896988,4
OX26,38.52569508552551,14,0.0,0,335.30247259140015,196,16.483609199523926,23,51.533173286774336,5
OX26,30.630497455596924,30,0.0,0,365.93297004699707,226,16.483609199523926,23,56.62374508948058,6
OX26,24.381882429122925,21,0.0,0,390.31485247612,247,16.483609199523926,23,60.8195111305107,7
OX26,18.36564588546753,14,0.0,0,408.6804983615875,261,16.483609199523926,23,64.52422522915757,8
OX26,43.445796966552734,25,0.0,0,452.12629532814026,286,16.483609199523926,23,71.80270624181581,9
OX26,38.32651352882385,24,0.0,0,490.4528088569641,310,16.483609199523926,23,78.63378437363596,10
OX26,26.46531081199646,21,0.0,0,516.9181196689606,331,16.483609199523926,23,82.66041030117852,11
OX26,26.835485696792603,23,0.0,0,543.7536053657532,354,16.483609199523926,23,86.7361414229594,12
OX26,23.93116569519043,13,0.0,0,567.6847710609436,367,16.483609199523926,23,91.23745089480576,13
OX26,26.888673067092896,24,0.0,0,594.5734441280365,391,16.483609199523926,23,95.400480139677,14
OX26,29.668957948684692,20,0.0,0,624.2424020767212,411,16.483609199523926,23,99.99454386730685,15
OX27,95.12038540840149,90,48.072381019592285,100,95.12038540840149,90,48.072381019592285,100,15.44873312810798,-1
OX27,113.06154537200928,134,64.62781548500061,116,208.18193078041077,224,112.7001965045929,216,35.65237982476912,0
OX27,29.681925773620605,31,0.1334524154663086,2,237.86385655403137,255,112.8336489200592,218,40.35993369642434,1
OX27,38.50998663902283,50,1.6182639598846436,3,276.3738431930542,305,114.45191287994385,221,46.5309022022259,2
OX27,26.532726764678955,24,0.0,0,302.90656995773315,329,114.45191287994385,221,50.99692161970163,3
OX27,28.164188146591187,34,0.0,0,331.07075810432434,363,114.45191287994385,221,55.851290551740476,4
OX27,43.55654859542847,39,1.0491063594818115,6,374.6273066997528,402,115.50101923942566,227,63.210987449680324,5
OX27,23.505722999572754,13,2.4683523178100586,5,398.13302969932556,415,117.96937155723572,232,66.03362538479753,6
OX27,31.767779111862183,26,6.688126802444458,13,429.90080881118774,441,124.65749835968018,245,69.95500828794697,7
OX27,27.410438060760498,15,1.8480021953582764,7,457.31124687194824,456,126.50550055503845,252,73.33649064645986,8
OX27,26.325073957443237,27,3.631699562072754,11,483.6363208293915,483,130.1372001171112,263,77.23419370116031,9
OX27,31.538325548171997,20,1.4171042442321777,2,515.1746463775635,503,131.55430436134338,265,81.3355434525219,10
OX27,38.605316162109375,24,15.93700098991394,17,553.7799625396729,527,147.49130535125732,282,86.49301444470755,11
OX27,16.454087495803833,14,0.0,0,570.2340500354767,541,147.49130535125732,282,88.51527350224958,12
OX27,19.017924547195435,17,12.586147546768188,19,589.2519745826721,558,160.0774528980255,301,91.5084063461994,13
OX27,20.530081510543823,10,8.232583284378052,8,609.7820560932159,568,168.31003618240356,309,93.95216670613308,14
OX27,36.67202591896057,30,34.754871129989624,46,646.4540820121765,598,203.0649073123932,355,99.99526403031021,15
OX28,89.1979911327362,52,27.7842915058136,59,89.1979911327362,52,27.7842915058136,59,10.67061143984221,-1
OX28,119.45201992988586,55,24.50913166999817,26,208.65001106262207,107,52.29342317581177,85,23.24950690335306,0
OX28,49.844404458999634,37,0.0,0,258.4944155216217,144,52.29342317581177,85,29.11242603550296,1
OX28,53.44136118888855,22,3.7834792137145996,13,311.93577671051025,166,56.07690238952637,98,35.82347140039448,2
OX28,65.41473722457886,40,4.719674825668335,13,377.3505139350891,206,60.7965772151947,111,43.92504930966469,3
OX28,31.02176022529602,24,0.0,0,408.37227416038513,230,60.7965772151947,111,48.43688362919132,4
OX28,57.64474654197693,32,0.0,0,466.01702070236206,262,60.7965772151947,111,55.744575936883635,5
OX28,23.756529331207275,32,0.0,0,489.77355003356934,294,60.7965772151947,111,60.675542406311635,6
OX28,48.311187744140625,56,2.42337703704834,4,538.08473777771,350,63.21995425224304,115,68.61439842209073,7
OX28,21.80429196357727,11,0.06642699241638184,1,559.8890297412872,361,63.286381244659424,116,71.24753451676528,8
OX28,24.036010265350342,16,0.0,0,583.9250400066376,377,63.286381244659424,116,74.55621301775149,9
OX28,27.386829376220703,24,0.0,0,611.3118693828583,401,63.286381244659424,116,78.42702169625247,10
OX28,31.81393051147461,21,0.0,0,643.1257998943329,422,63.286381244659424,116,82.49013806706115,11
OX28,19.92887020111084,18,0.0,0,663.0546700954437,440,63.286381244659424,116,85.05424063116371,12
OX28,17.114995002746582,22,0.0,0,680.1696650981903,462,63.286381244659424,116,89.06311637080869,13
OX28,53.04677772521973,32,0.0,0,733.21644282341,494,63.286381244659424,116,95.07889546351085,14
OX28,35.00598859786987,11,0.0,0,768.2224314212799,505,63.286381244659424,116,99.99506903353057,15
OX29,72.41041111946106,43,0.0,0,72.41041111946106,43,0.0,0,9.896202980837474,-1
OX29,67.37880516052246,32,23.84961748123169,48,139.78921627998352,75,23.84961748123169,48,17.38378282469837,0
OX29,38.553959608078,25,21.72996950149536,18,178.34317588806152,100,45.57958698272705,66,22.01472675656494,1
OX29,46.96146774291992,22,11.783612251281738,45,225.30464363098145,122,57.36319923400879,111,27.772356281050392,2
OX29,36.87646532058716,24,1.0662789344787598,2,262.1811089515686,146,58.42947816848755,113,32.154897090134845,3
OX29,27.907987356185913,22,0.0,0,290.0890963077545,168,58.42947816848755,113,35.694641589779984,4
OX29,47.35090684890747,35,0.0,0,337.440003156662,203,58.42947816848755,113,41.3236337828247,5
OX29,41.876305103302,41,1.4018840789794922,1,379.316308259964,244,59.83136224746704,114,47.26756564939674,6
OX29,49.039546251297,29,0.0,0,428.355854511261,273,59.83136224746704,114,53.16270404542228,7
OX29,34.87425780296326,22,3.332197904586792,4,463.23011231422424,295,63.16356015205383,118,57.44322214336409,8
OX29,20.427075624465942,16,0.0,0,483.6571879386902,311,63.16356015205383,118,60.5083392476934,9
OX29,67.96857833862305,52,0.0,0,551.6257662773132,363,63.16356015205383,118,68.33303761533001,10
OX29,33.989205837249756,20,0.0,0,585.614972114563,383,63.16356015205383,118,72.28530872959546,11
OX29,40.92657780647278,30,0.0,0,626.5415499210358,413,63.16356015205383,118,77.20901348474095,12
OX29,62.613338232040405,44,5.051870822906494,3,689.1548881530762,457,68.21543097496033,121,84.73651525904897,13
OX29,72.70910787582397,55,0.15001821517944336,2,761.8639960289001,512,68.36544919013977,123,93.34190915542938,14
OX29,55.089927673339844,34,1.5839314460754395,2,816.95392370224,546,69.94938063621521,125,99.99556422995032,15
OX31,68.19214677810669,82,30.87106990814209,65,68.19214677810669,82,30.87106990814209,65,13.930225378203149,-1
OX31,71.72629308700562,59,18.895808696746826,88,139.9184398651123,141,49.766878604888916,153,27.212102500771845,0
OX31,23.6268093585968,11,7.633868455886841,25,163.5452492237091,152,57.40074706077576,178,31.701142327878973,1
OX31,34.70179104804993,23,12.50497579574585,64,198.24704027175903,175,69.9057228565216,242,38.11052794072244,2
OX31,15.770501613616943,7,8.09665560722351,45,214.01754188537598,182,78.00237846374512,287,41.722753936400125,3
OX31,23.335871934890747,18,0.0,0,237.35341382026672,200,78.00237846374512,287,46.50200679221982,4
OX31,32.507567167282104,22,0.3464043140411377,4,269.8609809875488,222,78.34878277778625,291,52.411238036430994,5
OX31,23.19161081314087,18,0.5087695121765137,2,293.0525918006897,240,78.85755228996277,293,57.07934547699908,6
OX31,24.536832332611084,19,0.0,0,317.5894241333008,259,78.85755228996277,293,61.518987341772146,7
OX31,19.348570823669434,16,0.2513284683227539,1,336.9379949569702,275,79.10888075828552,294,65.37202840382834,8
OX31,27.954073429107666,17,14.819435834884644,28,364.8920683860779,292,93.92831659317017,322,70.20685396727386,9
OX31,29.695579051971436,19,0.28336429595947266,1,394.5876474380493,311,94.21168088912964,323,75.36894103118247,10
OX31,27.116717100143433,19,0.0,0,421.70436453819275,330,94.21168088912964,323,79.95060203766594,11
OX31,25.789122104644775,25,0.0,0,447.4934866428375,355,94.21168088912964,323,84.822476072862,12
OX31,17.734205961227417,27,0.0,0,465.22769260406494,382,94.21168088912964,323,89.51528249459709,13
OX31,29.17294144630432,15,0.0,0,494.40063405036926,397,94.21168088912964,323,94.64032108675518,14
OX31,27.194700002670288,27,0.0,0,521.5953340530396,424,94.21168088912964,323,99.99382525470824,15
OX32,127.66820120811462,123,61.87637734413147,149,127.66820120811462,123,61.87637734413147,149,14.871643552670404,-1
OX32,78.02972364425659,74,14.416939973831177,29,205.69792485237122,197,76.29331731796265,178,23.771761581587487,0
OX32,53.96551036834717,56,18.376221418380737,56,259.6634352207184,253,94.66953873634338,234,30.12319268220714,1
OX32,48.687026262283325,76,0.44482421875,4,308.3504614830017,329,95.11436295509338,238,36.408232516966656,2
OX32,32.93510723114014,36,0.5646367073059082,4,341.28556871414185,365,95.67899966239929,242,40.233107111242255,3
OX32,40.92891025543213,59,7.799307584762573,23,382.214478969574,424,103.47830724716187,265,45.48539392151077,4
OX32,42.327346086502075,44,8.724575996398926,38,424.54182505607605,468,112.20288324356079,303,50.154912953673644,5
OX32,48.507527589797974,70,2.8604848384857178,18,473.049352645874,538,115.06336808204651,321,56.620684567719096,6
OX32,39.63453936576843,56,0.0,0,512.6838920116425,594,115.06336808204651,321,61.32339923281204,7
OX32,43.82551026344299,65,1.4252068996429443,10,556.5094022750854,659,116.48857498168945,331,67.28017114192977,8
OX32,30.121622323989868,63,3.283748149871826,13,586.6310245990753,722,119.77232313156128,344,72.0050162289761,9
OX32,32.81673526763916,68,8.751701831817627,29,619.4477598667145,790,128.5240249633789,373,76.58970197698436,10
OX32,43.45141410827637,52,7.304916143417358,28,662.8991739749908,842,135.82894110679626,401,81.93788728238418,11
OX32,37.789671659469604,71,3.729271411895752,6,700.6888456344604,913,139.55821251869202,407,86.83608734139864,12
OX32,35.13876438140869,40,1.9031579494476318,5,735.8276100158691,953,141.46137046813965,412,91.37651224550015,13
OX32,34.72175431251526,49,4.196700572967529,13,770.5493643283844,1002,145.65807104110718,425,95.38211861906167,14
OX32,41.133880853652954,58,3.2729053497314453,10,811.6832451820374,1060,148.93097639083862,435,99.9963115963411,15
OX33,47.91825079917908,70,7.663808107376099,15,47.91825079917908,70,7.663808107376099,15,9.834407786626215,-1
OX33,85.00100994110107,34,32.84359288215637,53,132.91926074028015,104,40.50740098953247,68,23.808620907597017,0
OX33,34.16961336135864,15,0.0,0,167.0888741016388,119,40.50740098953247,68,29.161926431551006,1
OX33,39.86822700500488,30,0.5345826148986816,3,206.95710110664368,149,41.04198360443115,71,36.32916192643155,2
OX33,22.33683180809021,19,0.0,0,229.2939329147339,168,41.04198360443115,71,41.069397042093286,3
OX33,29.348606824874878,10,0.0,0,258.64253973960876,178,41.04198360443115,71,45.683225888004046,4
OX33,24.754830837249756,17,0.5994582176208496,4,283.3973705768585,195,41.641441822052,75,50.739476678043225,5
OX33,20.235953092575073,18,0.0,0,303.6333236694336,213,41.641441822052,75,54.92352420680066,6
OX33,35.0938823223114,36,0.0,0,338.727205991745,249,41.641441822052,75,61.32600176968778,7
OX33,22.75137686729431,18,0.0,0,361.4785828590393,267,41.641441822052,75,65.69965870307168,8
OX33,23.663742303848267,15,0.5338513851165771,3,385.1423251628876,282,42.17529320716858,78,70.4904563266338,9
OX33,33.39456653594971,16,5.802684545516968,33,418.5368916988373,298,47.97797775268555,111,75.55934774364809,10
OX33,18.508321046829224,9,3.7775769233703613,19,437.0452127456665,307,51.75555467605591,130,80.91897358108963,11
OX33,17.591715335845947,19,6.64240288734436,35,454.63692808151245,326,58.39795756340027,165,85.95626343066616,12
OX33,7.833421468734741,9,7.373997926712036,40,462.4703495502472,335,65.7719554901123,205,90.70281885981545,13
OX33,0.0,0,4.620667219161987,28,462.4703495502472,335,70.39262270927429,233,93.0982176715965,14
OX33,39.05236554145813,31,6.1683948040008545,37,501.5227150917053,366,76.56101751327515,270,99.99367968651245,15
OX34,106.19479894638062,109,22.04535484313965,61,106.19479894638062,109,22.04535484313965,61,20.909311937758325,-1
OX34,109.01368927955627,72,23.753471612930298,55,215.2084882259369,181,45.798826456069946,116,35.85217602723073,0
OX34,26.42754602432251,32,0.23328232765197754,1,241.6360342502594,213,46.032108783721924,117,39.9562363238512,1
OX34,37.781983852386475,38,0.0,0,279.4180181026459,251,46.032108783721924,117,46.1804035983467,2
OX34,28.22590947151184,27,0.0,0,307.6439275741577,278,46.032108783721924,117,50.73668854850474,3
OX34,24.182941913604736,29,8.057467699050903,25,331.82686948776245,307,54.08957648277283,142,55.0158035497204,4
OX34,16.47509264945984,14,4.371928691864014,14,348.3019621372223,321,58.46150517463684,156,57.490882567469,5
OX34,35.145753145217896,40,6.709548711776733,23,383.4477152824402,361,65.17105388641357,179,62.79601264283977,6
OX34,34.882896900177,22,0.0,0,418.3306121826172,383,65.17105388641357,179,67.88718696814978,7
OX34,29.64011263847351,22,3.028561592102051,13,447.9707248210907,405,68.19961547851562,192,72.60393873085339,8
OX34,27.844667196273804,26,9.153587341308594,56,475.8153920173645,431,77.35320281982422,248,76.69341113542426,9
OX34,15.725581884384155,26,2.471935749053955,5,491.54097390174866,457,79.82513856887817,253,80.57865305130075,10
OX34,23.577192544937134,17,9.95613718032837,28,515.1181664466858,474,89.78127574920654,281,84.57573547289084,11
OX34,28.383644104003906,24,12.49829387664795,35,543.5018105506897,498,102.27956962585449,316,88.67493313882811,12
OX34,31.661366939544678,34,5.501891136169434,15,575.1631774902344,532,107.78146076202393,331,93.23121808898614,13
OX34,21.26757788658142,25,6.381504058837891,24,596.4307553768158,557,114.16296482086182,355,96.50863116946267,14
OX34,25.212679862976074,18,7.212301254272461,38,621.6434352397919,575,121.37526607513428,393,99.9951373693168,15
