id,fixation_durations,fixation_counts,fixation_durations_elmo,fixations_counts_elmo,accumulate_fixation_durations,accumulate_fixation_counts,accumulate_fixation_durations_elmo,accumulate_fixations_counts_elmo,game_percentage
O20,13.721993446350098,12,6.042457342147827,11,13.721993446350098,12,6.042457342147827,11,4.998904949627683
O20,32.05116009712219,30,2.962895631790161,8,45.77315354347229,42,9.005352973937988,19,9.997809899255365
O20,29.46235966682434,26,0.0,0,75.23551321029663,68,9.005352973937988,19,14.99671484888305
O20,27.195495128631592,27,0.0,0,102.43100833892822,95,9.005352973937988,19,19.99561979851073
O20,29.87158179283142,19,0.37737369537353516,3,132.30259013175964,114,9.382726669311523,22,24.994524748138414
O20,29.22382354736328,32,0.0,0,161.52641367912292,146,9.382726669311523,22,29.9934296977661
O20,33.553245544433594,20,0.0,0,195.07965922355652,166,9.382726669311523,22,34.99233464739378
O20,26.480252027511597,37,0.0,0,221.55991125106812,203,9.382726669311523,22,39.99123959702146
O20,32.12917160987854,30,0.0,0,253.68908286094666,233,9.382726669311523,22,44.99014454664915
O20,29.451031923294067,21,0.12472271919250488,2,283.1401147842407,254,9.507449388504028,24,49.98904949627683
O20,33.50515413284302,17,0.0,0,316.64526891708374,271,9.507449388504028,24,54.987954445904506
O20,30.224812746047974,13,0.7611515522003174,2,346.8700816631317,284,10.268600940704346,26,59.9868593955322
O20,14.639211416244507,14,1.5320401191711426,6,361.5092930793762,298,11.800641059875488,32,64.98576434515988
O20,0.0,0,0.0,0,361.5092930793762,298,11.800641059875488,32,69.98466929478757
O20,0.0,0,0.0,0,361.5092930793762,298,11.800641059875488,32,74.98357424441524
O20,0.0,0,0.0,0,361.5092930793762,298,11.800641059875488,32,79.98247919404292
O20,0.0,0,0.0,0,361.5092930793762,298,11.800641059875488,32,84.98138414367061
O20,0.0,0,7.704712629318237,8,361.5092930793762,298,19.505353689193726,40,89.9802890932983
O20,0.0,0,0.0,0,361.5092930793762,298,19.505353689193726,40,94.97919404292597
O20,3.711575746536255,7,0.0,0,365.2208688259125,305,19.505353689193726,40,99.97809899255365
O21,14.770554780960083,16,6.485987424850464,15,14.770554780960083,16,6.485987424850464,15,4.993844259772238
O21,17.43911075592041,37,6.655534505844116,18,32.20966553688049,53,13.14152193069458,33,9.987688519544475
O21,10.819087266921997,23,5.543770790100098,9,43.02875280380249,76,18.685292720794678,42,14.981532779316714
O21,12.335998773574829,29,1.9528679847717285,9,55.36475157737732,105,20.638160705566406,51,19.97537703908895
O21,13.867903709411621,15,1.0115222930908203,4,69.23265528678894,120,21.649682998657227,55,24.96922129886119
O21,27.020942449569702,11,0.0,0,96.25359773635864,131,21.649682998657227,55,29.963065558633428
O21,23.939634561538696,13,0.3951272964477539,3,120.19323229789734,144,22.04481029510498,58,34.95690981840566
O21,20.734564542770386,26,1.1062672138214111,3,140.92779684066772,170,23.15107750892639,61,39.9507540781779
O21,23.350019931793213,16,2.8920300006866455,8,164.27781677246094,186,26.043107509613037,69,44.94459833795014
O21,18.64180040359497,22,1.102602481842041,1,182.9196171760559,208,27.145709991455078,70,49.93844259772238
O21,21.339739322662354,20,0.0,0,204.25935649871826,228,27.145709991455078,70,54.93228685749462
O21,18.86926817893982,22,0.0,0,223.12862467765808,250,27.145709991455078,70,59.926131117266856
O21,9.615038394927979,14,0.0,0,232.74366307258606,264,27.145709991455078,70,64.91997537703908
O21,7.348674058914185,15,0.3463318347930908,1,240.09233713150024,279,27.49204182624817,71,69.91381963681133
O21,16.12663984298706,12,0.0,0,256.2189769744873,291,27.49204182624817,71,74.90766389658357
O21,19.23604154586792,12,0.0,0,275.4550185203552,303,27.49204182624817,71,79.9015081563558
O21,22.693380117416382,9,0.23681139945983887,1,298.1483986377716,312,27.728853225708008,72,84.89535241612805
O21,19.1141357421875,18,1.2302367687225342,7,317.2625343799591,330,28.959089994430542,79,89.88919667590028
O21,15.123857259750366,27,7.8573713302612305,31,332.3863916397095,357,36.81646132469177,110,94.88304093567251
O21,21.317460536956787,21,8.342023372650146,29,353.70385217666626,378,45.15848469734192,139,99.87688519544476
O22,22.088927030563354,17,0.5700912475585938,2,22.088927030563354,17,0.5700912475585938,2,4.997000599880024
O22,23.03817844390869,10,10.97570514678955,24,45.127105474472046,27,11.545796394348145,26,9.994001199760048
O22,23.443685293197632,9,6.562490701675415,18,68.57079076766968,36,18.10828709602356,44,14.991001799640072
O22,30.713776111602783,19,0.0,0,99.28456687927246,55,18.10828709602356,44,19.988002399520095
O22,28.798383712768555,7,0.0,0,128.08295059204102,62,18.10828709602356,44,24.98500299940012
O22,22.86598014831543,4,0.0,0,150.94893074035645,66,18.10828709602356,44,29.982003599280144
O22,33.64756417274475,11,0.0,0,184.5964949131012,77,18.10828709602356,44,34.979004199160165
O22,26.300221920013428,12,0.0,0,210.89671683311462,89,18.10828709602356,44,39.97600479904019
O22,26.593026876449585,17,0.0,0,237.4897437095642,106,18.10828709602356,44,44.97300539892022
O22,34.85144257545471,13,0.0,0,272.3411862850189,119,18.10828709602356,44,49.97000599880024
O22,28.56753182411194,16,0.0,0,300.90871810913086,135,18.10828709602356,44,54.96700659868027
O22,36.301535844802856,10,0.0,0,337.2102539539337,145,18.10828709602356,44,59.96400719856029
O22,31.333719730377197,20,0.0,0,368.5439736843109,165,18.10828709602356,44,64.9610077984403
O22,26.823879957199097,18,0.0,0,395.36785364151,183,18.10828709602356,44,69.95800839832033
O22,32.0823814868927,16,0.0,0,427.4502351284027,199,18.10828709602356,44,74.95500899820036
O22,30.42280101776123,19,0.0,0,457.87303614616394,218,18.10828709602356,44,79.95200959808038
O22,21.872198343276978,12,0.0,0,479.7452344894409,230,18.10828709602356,44,84.9490101979604
O22,31.948152780532837,13,0.0,0,511.69338726997375,243,18.10828709602356,44,89.94601079784044
O22,34.64010810852051,18,0.0,0,546.3334953784943,261,18.10828709602356,44,94.94301139772045
O22,34.449156761169434,22,0.0,0,580.7826521396637,283,18.10828709602356,44,99.94001199760048
O24,25.52995252609253,5,0.0,0,25.52995252609253,5,0.0,0,4.995203508291079
O24,21.17908024787903,21,0.8830351829528809,2,46.70903277397156,26,0.8830351829528809,2,9.990407016582157
O24,24.421829223632812,11,0.0,0,71.13086199760437,37,0.8830351829528809,2,14.985610524873236
O24,23.991657972335815,14,0.0,0,95.12251996994019,51,0.8830351829528809,2,19.980814033164314
O24,24.823496103286743,20,0.0,0,119.94601607322693,71,0.8830351829528809,2,24.97601754145539
O24,23.071940422058105,20,0.06710934638977051,1,143.01795649528503,91,0.9501445293426514,3,29.97122104974647
O24,23.12652063369751,24,0.16646862030029297,1,166.14447712898254,115,1.1166131496429443,4,34.96642455803755
O24,18.704098224639893,17,0.0,0,184.84857535362244,132,1.1166131496429443,4,39.96162806632863
O24,22.008381843566895,14,0.0,0,206.85695719718933,146,1.1166131496429443,4,44.956831574619706
O24,21.33288049697876,15,0.0,0,228.1898376941681,161,1.1166131496429443,4,49.95203508291078
O24,21.913440704345703,18,0.0,0,250.1032783985138,179,1.1166131496429443,4,54.94723859120187
O24,24.0856032371521,15,0.0,0,274.1888816356659,194,1.1166131496429443,4,59.94244209949294
O24,23.438531637191772,6,0.0,0,297.62741327285767,200,1.1166131496429443,4,64.93764560778402
O24,26.85558843612671,9,0.0,0,324.4830017089844,209,1.1166131496429443,4,69.9328491160751
O24,24.046382188796997,18,0.0,0,348.5293838977814,227,1.1166131496429443,4,74.92805262436619
O24,20.977633237838745,15,0.0,0,369.5070171356201,242,1.1166131496429443,4,79.92325613265726
O24,15.068838119506836,14,0.0,0,384.57585525512695,256,1.1166131496429443,4,84.91845964094833
O24,23.132710695266724,11,0.0,0,407.7085659503937,267,1.1166131496429443,4,89.91366314923941
O24,23.882768392562866,20,9.169709205627441,11,431.59133434295654,287,10.286322355270386,15,94.9088666575305
O24,27.11767053604126,14,3.3386924266815186,8,458.7090048789978,301,13.625014781951904,23,99.90407016582157
O25,20.68507480621338,17,0.19920778274536133,2,20.68507480621338,17,0.19920778274536133,2,4.999236757746909
O25,19.048165798187256,20,1.6841821670532227,9,39.733240604400635,37,1.883389949798584,11,9.998473515493817
O25,19.676463842391968,18,6.60471510887146,7,59.4097044467926,55,8.488105058670044,18,14.997710273240727
O25,18.902549743652344,10,0.0,0,78.31225419044495,65,8.488105058670044,18,19.996947030987634
O25,16.200620651245117,23,0.0,0,94.51287484169006,88,8.488105058670044,18,24.996183788734545
O25,20.7006196975708,15,0.0,0,115.21349453926086,103,8.488105058670044,18,29.995420546481455
O25,13.961779594421387,15,1.0004494190216064,1,129.17527413368225,118,9.48855447769165,19,34.99465730422836
O25,21.40044617652893,12,0.0,0,150.57572031021118,130,9.48855447769165,19,39.99389406197527
O25,14.476184606552124,17,0.7337892055511475,3,165.0519049167633,147,10.222343683242798,22,44.99313081972218
O25,8.529472351074219,13,0.7507119178771973,2,173.58137726783752,160,10.973055601119995,24,49.99236757746909
O25,16.2300865650177,22,2.2037782669067383,7,189.81146383285522,182,13.176833868026733,31,54.991604335215996
O25,15.895181655883789,16,0.1166999340057373,1,205.706645488739,198,13.29353380203247,32,59.99084109296291
O25,15.467968225479126,23,0.1331479549407959,1,221.17461371421814,221,13.426681756973267,33,64.99007785070981
O25,16.964306831359863,20,1.3329074382781982,3,238.138920545578,241,14.759589195251465,36,69.98931460845672
O25,22.67812967300415,23,0.0,0,260.81705021858215,264,14.759589195251465,36,74.98855136620364
O25,29.001376390457153,12,0.0,0,289.8184266090393,276,14.759589195251465,36,79.98778812395054
O25,22.407562732696533,8,0.0,0,312.22598934173584,284,14.759589195251465,36,84.98702488169745
O25,23.190982818603516,12,0.0,0,335.41697216033936,296,14.759589195251465,36,89.98626163944436
O25,21.0266535282135,12,0.0,0,356.44362568855286,308,14.759589195251465,36,94.98549839719126
O25,21.70560383796692,21,0.0,0,378.1492295265198,329,14.759589195251465,36,99.98473515493818
O26,23.159823656082153,35,22.655227184295654,45,23.159823656082153,35,22.655227184295654,45,4.998054390591897
O26,33.310590505599976,29,21.928167581558228,57,56.47041416168213,64,44.58339476585388,102,9.996108781183795
O26,37.70406723022461,37,2.0444393157958984,10,94.17448139190674,101,46.62783408164978,112,14.994163171775693
O26,36.03174543380737,21,0.4409952163696289,2,130.2062268257141,122,47.06882929801941,114,19.99221756236759
O26,35.177732944488525,34,1.4563183784484863,7,165.38395977020264,156,48.525147676467896,121,24.99027195295949
O26,35.748997926712036,23,1.1708695888519287,2,201.13295769691467,179,49.696017265319824,123,29.988326343551385
O26,35.24123477935791,32,16.690550327301025,39,236.37419247627258,211,66.38656759262085,162,34.98638073414328
O26,37.33262896537781,31,7.73136830329895,19,273.7068214416504,242,74.1179358959198,181,39.98443512473518
O26,37.01443600654602,24,11.442878007888794,38,310.7212574481964,266,85.5608139038086,219,44.98248951532708
O26,37.847336769104004,23,0.5046505928039551,1,348.5685942173004,289,86.06546449661255,220,49.98054390591898
O26,40.15754270553589,22,0.0,0,388.7261369228363,311,86.06546449661255,220,54.978598296510874
O26,36.704028606414795,26,0.0,0,425.4301655292511,337,86.06546449661255,220,59.97665268710277
O26,40.22105956077576,22,0.0,0,465.65122509002686,359,86.06546449661255,220,64.97470707769467
O26,42.80982184410095,30,1.488962173461914,4,508.4610469341278,389,87.55442667007446,224,69.97276146828656
O26,38.2588005065918,28,3.588028907775879,11,546.7198474407196,417,91.14245557785034,235,74.97081585887845
O26,36.84249925613403,31,3.199308395385742,10,583.5623466968536,448,94.34176397323608,245,79.96887024947036
O26,42.41967248916626,18,0.1266930103302002,1,625.9820191860199,466,94.46845698356628,246,84.96692464006226
O26,40.46720099449158,26,0.30219221115112305,1,666.4492201805115,492,94.77064919471741,247,89.96497903065416
O26,32.88542628288269,30,0.25534725189208984,3,699.3346464633942,522,95.0259964466095,250,94.96303342124605
O26,34.46642279624939,34,10.121628999710083,27,733.8010692596436,556,105.14762544631958,277,99.96108781183796
O27,0.746220588684082,7,0.0,0,0.746220588684082,7,0.0,0,4.998788661875151
O27,0.0913705825805664,1,0.6317083835601807,6,0.8375911712646484,8,0.6317083835601807,6,9.997577323750303
O27,0.0,0,0.0,0,0.8375911712646484,8,0.6317083835601807,6,14.996365985625454
O27,0.5721180438995361,5,0.0,0,1.4097092151641846,13,0.6317083835601807,6,19.995154647500605
O27,8.464260339736938,27,0.0,0,9.873969554901123,40,0.6317083835601807,6,24.99394330937576
O27,3.7236440181732178,9,0.0,0,13.59761357307434,49,0.6317083835601807,6,29.992731971250908
O27,5.330697536468506,23,0.0,0,18.928311109542847,72,0.6317083835601807,6,34.99152063312606
O27,9.14327073097229,30,0.0,0,28.071581840515137,102,0.6317083835601807,6,39.99030929500121
O27,13.38062047958374,33,0.0,0,41.45220232009888,135,0.6317083835601807,6,44.989097956876364
O27,18.187289476394653,45,0.0,0,59.63949179649353,180,0.6317083835601807,6,49.98788661875152
O27,13.382120847702026,32,0.0,0,73.02161264419556,212,0.6317083835601807,6,54.98667528062666
O27,6.456515550613403,23,0.0,0,79.47812819480896,235,0.6317083835601807,6,59.985463942501816
O27,4.979747772216797,16,0.0,0,84.45787596702576,251,0.6317083835601807,6,64.98425260437696
O27,11.350913047790527,28,0.0,0,95.80878901481628,279,0.6317083835601807,6,69.98304126625212
O27,12.257070064544678,23,0.0,0,108.06585907936096,302,0.6317083835601807,6,74.98182992812727
O27,6.863818645477295,18,0.0,0,114.92967772483826,320,0.6317083835601807,6,79.98061859000242
O27,2.5726447105407715,11,0.0,0,117.50232243537903,331,0.6317083835601807,6,84.97940725187757
O27,10.143679141998291,33,0.0,0,127.64600157737732,364,0.6317083835601807,6,89.97819591375273
O27,3.0957107543945312,10,0.0,0,130.74171233177185,374,0.6317083835601807,6,94.97698457562788
O27,2.340935468673706,8,0.0,0,133.08264780044556,382,0.6317083835601807,6,99.97577323750303
O28,11.741740465164185,18,2.882051467895508,6,11.741740465164185,18,2.882051467895508,6,4.99798873692679
O28,16.89971160888672,23,5.072234630584717,17,28.641452074050903,41,7.954286098480225,23,9.99597747385358
O28,12.788907289505005,21,11.980195045471191,21,41.43035936355591,62,19.934481143951416,44,14.993966210780371
O28,14.338212490081787,16,1.1649658679962158,4,55.768571853637695,78,21.099447011947632,48,19.99195494770716
O28,16.51988959312439,9,3.2515995502471924,13,72.28846144676208,87,24.351046562194824,61,24.98994368463395
O28,15.805038928985596,2,0.0,0,88.09350037574768,89,24.351046562194824,61,29.987932421560743
O28,12.736973285675049,17,0.0,0,100.83047366142273,106,24.351046562194824,61,34.98592115848753
O28,5.227651119232178,5,5.645760536193848,2,106.05812478065491,111,29.996807098388672,63,39.98390989541432
O28,17.66996669769287,14,0.0,0,123.72809147834778,125,29.996807098388672,63,44.981898632341114
O28,15.985203266143799,15,0.0,0,139.71329474449158,140,29.996807098388672,63,49.9798873692679
O28,16.846888065338135,18,0.0,0,156.5601828098297,158,29.996807098388672,63,54.97787610619469
O28,19.107811450958252,13,0.0,0,175.66799426078796,171,29.996807098388672,63,59.975864843121485
O28,18.75887703895569,14,0.0,0,194.42687129974365,185,29.996807098388672,63,64.97385358004827
O28,13.890699625015259,21,0.0,0,208.3175709247589,206,29.996807098388672,63,69.97184231697506
O28,17.551157474517822,10,0.0,0,225.86872839927673,216,29.996807098388672,63,74.96983105390184
O28,19.101643323898315,15,0.0,0,244.97037172317505,231,29.996807098388672,63,79.96781979082864
O28,16.522965908050537,21,0.0,0,261.4933376312256,252,29.996807098388672,63,84.96580852775543
O28,15.474515438079834,10,0.0,0,276.9678530693054,262,29.996807098388672,63,89.96379726468223
O28,18.294615745544434,14,0.0,0,295.26246881484985,276,29.996807098388672,63,94.961786001609
O28,16.78210210800171,19,0.0,0,312.04457092285156,295,29.996807098388672,63,99.9597747385358
O29,11.988443851470947,34,0.4490642547607422,2,11.988443851470947,34,0.4490642547607422,2,5.0
O29,18.770462036132812,21,0.5640599727630615,1,30.75890588760376,55,1.0131242275238037,3,10.0
O29,16.130007028579712,35,0.9147794246673584,5,46.88891291618347,90,1.927903652191162,8,15.0
O29,16.539944887161255,29,8.513231039047241,15,63.42885780334473,119,10.441134691238403,23,20.0
O29,16.66873049736023,19,14.36551308631897,7,80.09758830070496,138,24.806647777557373,30,25.0
O29,17.396892547607422,19,19.284013986587524,8,97.49448084831238,157,44.0906617641449,38,30.0
O29,16.526199102401733,29,19.87980842590332,18,114.02067995071411,186,63.97047019004822,56,35.0
O29,16.362183809280396,24,11.609623193740845,9,130.3828637599945,210,75.58009338378906,65,40.0
O29,16.1374933719635,26,3.8916327953338623,7,146.520357131958,236,79.47172617912292,72,45.0
O29,16.96298384666443,28,0.0,0,163.48334097862244,264,79.47172617912292,72,50.0
O29,16.205544471740723,22,7.864176511764526,13,179.68888545036316,286,87.33590269088745,85,55.00000000000001
O29,18.36768865585327,22,8.01866364479065,9,198.05657410621643,308,95.3545663356781,94,60.0
O29,17.689485549926758,21,0.28179264068603516,3,215.7460596561432,329,95.63635897636414,97,65.0
O29,17.020310401916504,22,0.22472786903381348,3,232.7663700580597,351,95.86108684539795,100,70.0
O29,19.441766500473022,22,16.07712435722351,27,252.20813655853271,373,111.93821120262146,127,75.0
O29,23.17569589614868,17,13.097936153411865,18,275.3838324546814,390,125.03614735603333,145,80.0
O29,24.04424786567688,13,16.369178295135498,15,299.4280803203583,403,141.40532565116882,160,85.0
O29,21.205610752105713,16,6.812768220901489,13,320.633691072464,419,148.2180938720703,173,90.0
O29,24.02870202064514,14,7.99626612663269,19,344.66239309310913,433,156.214359998703,192,95.0
O29,26.486074686050415,24,9.910387516021729,23,371.14846777915955,457,166.12474751472473,215,100.0
O30,25.580623865127563,22,0.0,0,25.580623865127563,22,0.0,0,4.997232982844493
O30,31.992640733718872,25,0.06286120414733887,1,57.573264598846436,47,0.06286120414733887,1,9.994465965688986
O30,31.338468313217163,15,0.0,0,88.9117329120636,62,0.06286120414733887,1,14.99169894853348
O30,40.198795557022095,8,0.0,0,129.1105284690857,70,0.06286120414733887,1,19.988931931377973
O30,34.411142349243164,28,0.0,0,163.52167081832886,98,0.06286120414733887,1,24.98616491422247
O30,36.3146915435791,28,0.0,0,199.83636236190796,126,0.06286120414733887,1,29.98339789706696
O30,34.55168342590332,6,0.0,0,234.38804578781128,132,0.06286120414733887,1,34.98063087991146
O30,27.958678007125854,10,0.0,0,262.34672379493713,142,0.06286120414733887,1,39.977863862755946
O30,35.546326637268066,20,0.0,0,297.8930504322052,162,0.06286120414733887,1,44.97509684560044
O30,32.72246980667114,31,0.0,0,330.61552023887634,193,0.06286120414733887,1,49.97232982844494
O30,35.09347486495972,20,0.0,0,365.70899510383606,213,0.06286120414733887,1,54.96956281128943
O30,30.417259693145752,10,0.0,0,396.1262547969818,223,0.06286120414733887,1,59.96679579413392
O30,30.87862777709961,14,0.0,0,427.0048825740814,237,0.06286120414733887,1,64.96402877697842
O30,30.674855947494507,23,0.0,0,457.6797385215759,260,0.06286120414733887,1,69.96126175982292
O30,19.106773853302002,17,0.0,0,476.78651237487793,277,0.06286120414733887,1,74.9584947426674
O30,29.382979154586792,15,0.0,0,506.1694915294647,292,0.06286120414733887,1,79.95572772551189
O30,31.28087067604065,23,0.0,0,537.4503622055054,315,0.06286120414733887,1,84.9529607083564
O30,27.46712827682495,25,0.0,0,564.9174904823303,340,0.06286120414733887,1,89.95019369120088
O30,9.208735466003418,10,0.0,0,574.1262259483337,350,0.06286120414733887,1,94.94742667404537
O30,32.3311071395874,28,0.0,0,606.4573330879211,378,0.06286120414733887,1,99.94465965688988
O31,15.900798559188843,17,0.0,0,15.900798559188843,17,0.0,0,4.997492896540198
O31,15.337883710861206,12,0.22341275215148926,1,31.23868227005005,29,0.22341275215148926,1,9.994985793080396
O31,22.94911217689514,9,1.835707664489746,1,54.18779444694519,38,2.0591204166412354,2,14.992478689620592
O31,18.969637632369995,7,0.0,0,73.15743207931519,45,2.0591204166412354,2,19.98997158616079
O31,16.88324284553528,6,0.0,0,90.04067492485046,51,2.0591204166412354,2,24.987464482700986
O31,14.916549921035767,16,0.0,0,104.95722484588623,67,2.0591204166412354,2,29.984957379241184
O31,22.777424335479736,3,0.0,0,127.73464918136597,70,2.0591204166412354,2,34.98245027578138
O31,16.79056406021118,17,0.0,0,144.52521324157715,87,2.0591204166412354,2,39.97994317232158
O31,18.395201921463013,18,0.0,0,162.92041516304016,105,2.0591204166412354,2,44.97743606886178
O31,2.460524320602417,2,0.0,0,165.38093948364258,107,2.0591204166412354,2,49.97492896540197
O31,0.0,0,0.0,0,165.38093948364258,107,2.0591204166412354,2,54.972421861942166
O31,8.685631036758423,9,0.0,0,174.066570520401,116,2.0591204166412354,2,59.96991475848237
O31,11.186991214752197,5,0.0,0,185.2535617351532,121,2.0591204166412354,2,64.96740765502257
O31,19.8610680103302,15,0.0,0,205.1146297454834,136,2.0591204166412354,2,69.96490055156276
O31,18.272388219833374,14,0.0,0,223.38701796531677,150,2.0591204166412354,2,74.96239344810296
O31,15.607091188430786,22,0.0,0,238.99410915374756,172,2.0591204166412354,2,79.95988634464317
O31,16.8287136554718,17,0.0,0,255.82282280921936,189,2.0591204166412354,2,84.95737924118335
O31,4.30267858505249,4,0.0,0,260.12550139427185,193,2.0591204166412354,2,89.95487213772356
O31,16.584444761276245,15,0.0,0,276.7099461555481,208,2.0591204166412354,2,94.95236503426375
O31,21.113215923309326,11,0.0,0,297.8231620788574,219,2.0591204166412354,2,99.94985793080394
O32,23.89326047897339,46,23.203155279159546,35,23.89326047897339,46,23.203155279159546,35,4.996706025439619
O32,25.927232265472412,37,19.245495080947876,30,49.8204927444458,83,42.44865036010742,65,9.993412050879238
O32,33.45425629615784,19,11.098169088363647,21,83.27474904060364,102,53.54681944847107,86,14.990118076318856
O32,32.01123905181885,27,7.669010639190674,12,115.28598809242249,129,61.21583008766174,98,19.986824101758476
O32,30.34236478805542,29,13.515592575073242,24,145.6283528804779,158,74.73142266273499,122,24.983530127198094
O32,32.287516832351685,16,4.645385026931763,11,177.9158697128296,174,79.37680768966675,133,29.980236152637712
O32,29.217438459396362,32,5.975536584854126,9,207.13330817222595,206,85.35234427452087,142,34.97694217807733
O32,27.24906277656555,30,2.658048629760742,8,234.3823709487915,236,88.01039290428162,150,39.97364820351695
O32,32.73032999038696,32,3.634932041168213,12,267.11270093917847,268,91.64532494544983,162,44.97035422895657
O32,32.36219120025635,33,0.0,0,299.4748921394348,301,91.64532494544983,162,49.96706025439619
O32,33.069382190704346,22,5.3880767822265625,20,332.54427433013916,323,97.03340172767639,182,54.96376627983581
O32,31.946309089660645,19,16.76924419403076,23,364.4905834197998,342,113.80264592170715,205,59.960472305275424
O32,33.49198794364929,18,18.29965877532959,27,397.9825713634491,360,132.10230469703674,232,64.95717833071505
O32,34.204968214035034,21,0.7292921543121338,6,432.18753957748413,381,132.83159685134888,238,69.95388435615466
O32,33.76894450187683,27,10.856493473052979,12,465.95648407936096,408,143.68809032440186,250,74.95059038159428
O32,30.868303775787354,37,5.3708813190460205,17,496.8247878551483,445,149.05897164344788,267,79.9472964070339
O32,31.387372493743896,36,8.606178045272827,17,528.2121603488922,481,157.6651496887207,284,84.94400243247352
O32,32.04626727104187,39,0.0,0,560.2584276199341,520,157.6651496887207,284,89.94070845791315
O32,34.0396831035614,25,0.0,0,594.2981107234955,545,157.6651496887207,284,94.93741448335275
O32,29.688655376434326,29,17.194921493530273,32,623.9867660999298,574,174.86007118225098,316,99.93412050879238
O33,35.54540801048279,31,0.0,0,35.54540801048279,31,0.0,0,4.9965024482862
O33,32.26336169242859,41,0.0,0,67.80876970291138,72,0.0,0,9.9930048965724
O33,34.33151721954346,46,0.11012721061706543,1,102.14028692245483,118,0.11012721061706543,1,14.989507344858598
O33,28.484074115753174,44,0.1164250373840332,1,130.624361038208,162,0.22655224800109863,2,19.9860097931448
O33,33.00097680091858,22,0.09593629837036133,1,163.6253378391266,184,0.32248854637145996,3,24.982512241431
O33,33.53531050682068,33,0.0,0,197.16064834594727,217,0.32248854637145996,3,29.979014689717197
O33,24.413767337799072,33,0.0,0,221.57441568374634,250,0.32248854637145996,3,34.9755171380034
O33,33.82010579109192,38,0.0,0,255.39452147483826,288,0.32248854637145996,3,39.9720195862896
O33,31.19277286529541,37,0.0,0,286.58729434013367,325,0.32248854637145996,3,44.9685220345758
O33,29.052023887634277,36,0.0,0,315.63931822776794,361,0.32248854637145996,3,49.965024482862
O33,33.14973592758179,25,0.0,0,348.78905415534973,386,0.32248854637145996,3,54.9615269311482
O33,26.77758502960205,21,0.0,0,375.5666391849518,407,0.32248854637145996,3,59.95802937943439
O33,30.984978437423706,54,0.0,0,406.5516176223755,461,0.32248854637145996,3,64.9545318277206
O33,27.151666164398193,64,0.0,0,433.7032837867737,525,0.32248854637145996,3,69.9510342760068
O33,35.68728590011597,33,0.0,0,469.39056968688965,558,0.32248854637145996,3,74.947536724293
O33,27.273324728012085,30,0.06649971008300781,1,496.66389441490173,588,0.3889882564544678,4,79.9440391725792
O33,34.81578230857849,27,3.0795738697052,9,531.4796767234802,615,3.468562126159668,13,84.94054162086539
O33,29.17174482345581,25,1.0449333190917969,4,560.651421546936,640,4.513495445251465,17,89.9370440691516
O33,31.03683614730835,22,0.9614496231079102,5,591.6882576942444,662,5.474945068359375,22,94.93354651743779
O33,24.462188959121704,22,0.0,0,616.1504466533661,684,5.474945068359375,22,99.930048965724
O34,19.19096803665161,19,0.0,0,19.19096803665161,19,0.0,0,4.991932230738201
O34,11.741801738739014,13,1.9164674282073975,5,30.932769775390625,32,1.9164674282073975,5,9.983864461476402
O34,18.17491865158081,21,2.5843048095703125,6,49.107688426971436,53,4.50077223777771,11,14.975796692214601
O34,17.21048092842102,6,0.2332320213317871,1,66.31816935539246,59,4.734004259109497,12,19.967728922952805
O34,20.211452960968018,23,0.30921483039855957,2,86.52962231636047,82,5.043219089508057,14,24.959661153691005
O34,20.124791622161865,11,0.0,0,106.65441393852234,93,5.043219089508057,14,29.951593384429202
O34,19.22193694114685,20,0.0,0,125.87635087966919,113,5.043219089508057,14,34.94352561516741
O34,18.75519061088562,15,4.277782440185547,14,144.6315414905548,128,9.321001529693604,28,39.93545784590561
O34,19.892519235610962,9,4.720614910125732,14,164.52406072616577,137,14.041616439819336,42,44.92739007664381
O34,20.21413254737854,6,3.126614570617676,15,184.7381932735443,143,17.16823101043701,57,49.91932230738201
O34,16.786028623580933,9,11.427265882492065,17,201.52422189712524,152,28.595496892929077,74,54.91125453812021
O34,18.437106132507324,9,10.147712469100952,29,219.96132802963257,161,38.74320936203003,103,59.903186768858404
O34,12.609258651733398,7,10.499192714691162,24,232.57058668136597,168,49.24240207672119,127,64.89511899959662
O34,17.815825700759888,17,10.307379961013794,25,250.38641238212585,185,59.549782037734985,152,69.88705123033482
O34,17.187554597854614,6,8.153473854064941,12,267.57396697998047,191,67.70325589179993,164,74.878983461073
O34,14.819989681243896,8,0.0,0,282.39395666122437,199,67.70325589179993,164,79.87091569181122
O34,11.911837100982666,7,0.0,0,294.30579376220703,206,67.70325589179993,164,84.8628479225494
O34,17.114097356796265,12,0.0,0,311.4198911190033,218,67.70325589179993,164,89.85478015328762
O34,21.080280780792236,15,0.42287397384643555,1,332.50017189979553,233,68.12612986564636,165,94.84671238402582
O34,18.95294713973999,14,0.0,0,351.4531190395355,247,68.12612986564636,165,99.83864461476402
OX20,30.96733570098877,35,15.8512864112854,21,30.96733570098877,35,15.8512864112854,21,4.997979253671023
OX20,40.54968619346619,25,18.881672859191895,29,71.51702189445496,60,34.732959270477295,50,9.995958507342046
OX20,44.07270050048828,28,9.120588064193726,23,115.58972239494324,88,43.85354733467102,73,14.993937761013068
OX20,41.54745554924011,30,23.07467794418335,45,157.13717794418335,118,66.92822527885437,118,19.99191701468409
OX20,45.34339118003845,20,28.147598266601562,31,202.4805691242218,138,95.07582354545593,149,24.989896268355114
OX20,48.057785987854004,16,6.722826957702637,20,250.5383551120758,154,101.79865050315857,169,29.987875522026137
OX20,47.11333107948303,12,16.85800313949585,34,297.65168619155884,166,118.65665364265442,203,34.985854775697156
OX20,46.815173625946045,20,22.294851303100586,48,344.4668598175049,186,140.951504945755,251,39.98383402936818
OX20,42.6885986328125,28,20.754401922225952,63,387.1554584503174,214,161.70590686798096,314,44.9818132830392
OX20,36.99703526496887,28,7.190065383911133,32,424.15249371528625,242,168.8959722518921,346,49.97979253671023
OX20,37.73839831352234,16,16.243842601776123,41,461.8908920288086,258,185.1398148536682,387,54.97777179038125
OX20,42.612624406814575,14,18.137712478637695,65,504.50351643562317,272,203.2775273323059,452,59.975751044052274
OX20,42.15073919296265,35,12.929589033126831,42,546.6542556285858,307,216.20711636543274,494,64.97373029772329
OX20,41.69623684883118,31,20.00300145149231,44,588.350492477417,338,236.21011781692505,538,69.97170955139431
OX20,46.24328875541687,23,24.10713243484497,69,634.5937812328339,361,260.31725025177,607,74.96968880506533
OX20,42.62754034996033,24,22.43295693397522,56,677.2213215827942,385,282.75020718574524,663,79.96766805873636
OX20,39.82312250137329,32,26.489093542099,58,717.0444440841675,417,309.23930072784424,721,84.96564731240738
OX20,44.51530861854553,18,22.437979459762573,58,761.559752702713,435,331.6772801876068,779,89.9636265660784
OX20,46.5588264465332,22,0.25303125381469727,3,808.1185791492462,457,331.9303114414215,782,94.96160581974942
OX20,47.930004835128784,14,21.776759147644043,59,856.048583984375,471,353.70707058906555,841,99.95958507342046
OX21,25.105777502059937,7,0.12734055519104004,1,25.105777502059937,7,0.12734055519104004,1,4.998851718594503
OX21,16.90287709236145,14,0.5672144889831543,3,42.00865459442139,21,0.6945550441741943,4,9.997703437189006
OX21,25.485936880111694,22,0.06347060203552246,1,67.49459147453308,43,0.7580256462097168,5,14.996555155783511
OX21,15.556424379348755,10,0.0,0,83.05101585388184,53,0.7580256462097168,5,19.995406874378013
OX21,24.44949436187744,9,1.0578362941741943,4,107.50051021575928,62,1.8158619403839111,9,24.994258592972518
OX21,17.425783395767212,13,6.735329627990723,11,124.92629361152649,75,8.551191568374634,20,29.993110311567023
OX21,21.78741955757141,13,5.104074239730835,24,146.7137131690979,88,13.655265808105469,44,34.99196203016153
OX21,26.29306960105896,9,0.0,0,173.00678277015686,97,13.655265808105469,44,39.990813748756025
OX21,20.471982955932617,11,0.33095884323120117,2,193.47876572608948,108,13.98622465133667,46,44.989665467350534
OX21,15.943498373031616,8,9.180809020996094,17,209.4222640991211,116,23.167033672332764,63,49.988517185945035
OX21,22.949926614761353,16,0.2511446475982666,1,232.37219071388245,132,23.41817831993103,64,54.98736890453954
OX21,25.826003313064575,16,0.0,0,258.198194026947,148,23.41817831993103,64,59.986220623134045
OX21,22.180078268051147,17,0.0,0,280.37827229499817,165,23.41817831993103,64,64.98507234172854
OX21,15.17677640914917,10,0.0,0,295.55504870414734,175,23.41817831993103,64,69.98392406032306
OX21,24.735350131988525,11,0.0,0,320.29039883613586,186,23.41817831993103,64,74.98277577891756
OX21,25.522050857543945,21,0.0,0,345.8124496936798,207,23.41817831993103,64,79.98162749751205
OX21,16.19075059890747,16,0.0,0,362.0032002925873,223,23.41817831993103,64,84.98047921610656
OX21,25.981764793395996,11,0.0,0,387.9849650859833,234,23.41817831993103,64,89.97933093470107
OX21,26.544769287109375,23,0.0,0,414.52973437309265,257,23.41817831993103,64,94.97818265329558
OX21,22.743157386779785,17,0.0,0,437.27289175987244,274,23.41817831993103,64,99.97703437189007
OX22,37.27190589904785,22,22.066314458847046,51,37.27190589904785,22,22.066314458847046,51,4.997771063450394
OX22,39.08521389961243,19,21.993732452392578,40,76.35711979866028,41,44.060046911239624,91,9.995542126900787
OX22,28.988731861114502,13,10.16442322731018,44,105.34585165977478,54,54.224470138549805,135,14.993313190351182
OX22,37.82172179222107,17,2.3041796684265137,16,143.16757345199585,71,56.52864980697632,151,19.991084253801574
OX22,21.706783533096313,9,4.454769134521484,21,164.87435698509216,80,60.9834189414978,172,24.988855317251968
OX22,28.55801486968994,10,1.3834428787231445,15,193.4323718547821,90,62.36686182022095,187,29.986626380702365
OX22,37.51401948928833,14,0.0,0,230.94639134407043,104,62.36686182022095,187,34.984397444152755
OX22,44.39442753791809,7,0.0,0,275.3408188819885,111,62.36686182022095,187,39.98216850760315
OX22,31.851495265960693,14,3.4633066654205322,19,307.1923141479492,125,65.83016848564148,206,44.97993957105354
OX22,39.57402276992798,21,0.0,0,346.7663369178772,146,65.83016848564148,206,49.977710634503936
OX22,30.69363307952881,18,0.0,0,377.459969997406,164,65.83016848564148,206,54.97548169795433
OX22,39.361552476882935,17,0.25142741203308105,2,416.82152247428894,181,66.08159589767456,208,59.97325276140473
OX22,37.354865312576294,14,0.0,0,454.17638778686523,195,66.08159589767456,208,64.97102382485512
OX22,40.998473167419434,19,0.0,0,495.17486095428467,214,66.08159589767456,208,69.96879488830551
OX22,38.257248640060425,22,0.0,0,533.4321095943451,236,66.08159589767456,208,74.96656595175591
OX22,36.23381567001343,20,0.0,0,569.6659252643585,256,66.08159589767456,208,79.9643370152063
OX22,37.450902462005615,8,0.0,0,607.1168277263641,264,66.08159589767456,208,84.9621080786567
OX22,33.890135049819946,36,0.0,0,641.0069627761841,300,66.08159589767456,208,89.95987914210708
OX22,42.45457363128662,11,0.0,0,683.4615364074707,311,66.08159589767456,208,94.95765020555748
OX22,26.023706912994385,20,0.0,0,709.4852433204651,331,66.08159589767456,208,99.95542126900787
OX23,11.802390098571777,16,0.8498415946960449,3,11.802390098571777,16,0.8498415946960449,3,4.994409243384271
OX23,19.0675687789917,20,0.16846895217895508,1,30.869958877563477,36,1.018310546875,4,9.988818486768542
OX23,19.773985862731934,16,0.0,0,50.64394474029541,52,1.018310546875,4,14.983227730152816
OX23,13.625233888626099,10,0.0,0,64.26917862892151,62,1.018310546875,4,19.977636973537084
OX23,22.750741958618164,14,0.0,0,87.01992058753967,76,1.018310546875,4,24.972046216921356
OX23,21.96237087249756,31,0.0,0,108.98229146003723,107,1.018310546875,4,29.96645546030563
OX23,20.014148712158203,17,0.0,0,128.99644017219543,124,1.018310546875,4,34.9608647036899
OX23,13.706299066543579,12,0.0,0,142.702739238739,136,1.018310546875,4,39.95527394707417
OX23,10.349292755126953,23,0.0,0,153.05203199386597,159,1.018310546875,4,44.94968319045844
OX23,7.208765745162964,19,0.0,0,160.26079773902893,178,1.018310546875,4,49.94409243384271
OX23,19.515111923217773,29,0.0,0,179.7759096622467,207,1.018310546875,4,54.93850167722698
OX23,22.373263597488403,22,0.0,0,202.1491732597351,229,1.018310546875,4,59.93291092061126
OX23,16.922147274017334,25,0.0,0,219.07132053375244,254,1.018310546875,4,64.92732016399553
OX23,0.0,0,0.0,0,219.07132053375244,254,1.018310546875,4,69.9217294073798
OX23,0.387937068939209,3,0.0,0,219.45925760269165,257,1.018310546875,4,74.91613865076407
OX23,0.0,0,0.0,0,219.45925760269165,257,1.018310546875,4,79.91054789414834
OX23,0.0,0,0.0,0,219.45925760269165,257,1.018310546875,4,84.9049571375326
OX23,0.0,0,0.0,0,219.45925760269165,257,1.018310546875,4,89.89936638091687
OX23,0.0,0,0.0,0,219.45925760269165,257,1.018310546875,4,94.89377562430116
OX23,0.0,0,0.0,0,219.45925760269165,257,1.018310546875,4,99.88818486768542
OX24,26.562412977218628,29,12.062290668487549,37,26.562412977218628,29,12.062290668487549,37,4.999352974162101
OX24,35.79742479324341,33,1.700303554534912,7,62.359837770462036,62,13.762594223022461,44,9.998705948324202
OX24,41.62130951881409,36,12.959710836410522,23,103.98114728927612,98,26.722305059432983,67,14.998058922486305
OX24,41.39275026321411,20,15.142612934112549,17,145.37389755249023,118,41.86491799354553,84,19.997411896648405
OX24,40.64341902732849,30,1.402082920074463,3,186.01731657981873,148,43.267000913619995,87,24.99676487081051
OX24,41.63591170310974,36,1.9999282360076904,6,227.65322828292847,184,45.266929149627686,93,29.99611784497261
OX24,39.07356262207031,29,6.332468748092651,18,266.7267909049988,213,51.59939789772034,111,34.99547081913471
OX24,37.091678857803345,38,9.141414165496826,18,303.8184697628021,251,60.74081206321716,129,39.99482379329681
OX24,38.207865476608276,36,0.13340067863464355,2,342.0263352394104,287,60.87421274185181,131,44.99417676745892
OX24,41.15331554412842,30,14.456134796142578,28,383.1796507835388,317,75.33034753799438,159,49.99352974162102
OX24,32.58383226394653,41,0.6688430309295654,7,415.76348304748535,358,75.99919056892395,166,54.99288271578312
OX24,37.999971866607666,35,2.149383544921875,10,453.763454914093,393,78.14857411384583,176,59.99223568994522
OX24,35.677690505981445,27,2.0362370014190674,4,489.44114542007446,420,80.18481111526489,180,64.99158866410733
OX24,41.84737253189087,37,11.462084770202637,27,531.2885179519653,457,91.64689588546753,207,69.99094163826942
OX24,43.47485852241516,25,4.5880396366119385,15,574.7633764743805,482,96.23493552207947,222,74.99029461243151
OX24,36.27074646949768,38,0.0,0,611.0341229438782,520,96.23493552207947,222,79.98964758659362
OX24,29.449723958969116,21,2.8960886001586914,10,640.4838469028473,541,99.13102412223816,232,84.98900056075573
OX24,33.725714683532715,40,4.918896675109863,8,674.20956158638,581,104.04992079734802,240,89.98835353491783
OX24,35.52832889556885,34,13.337100744247437,13,709.7378904819489,615,117.38702154159546,253,94.98770650907993
OX24,38.84885001182556,40,19.608596324920654,50,748.5867404937744,655,136.9956178665161,303,99.98705948324204
OX25,28.659321784973145,29,0.0,0,28.659321784973145,29,0.0,0,4.99780501806639
OX25,55.28210115432739,46,0.0,0,83.94142293930054,75,0.0,0,9.99561003613278
OX25,56.39217519760132,43,0.0,0,140.33359813690186,118,0.0,0,14.993415054199168
OX25,55.3141930103302,53,0.0,0,195.64779114723206,171,0.0,0,19.99122007226556
OX25,56.17799758911133,29,0.0,0,251.82578873634338,200,0.0,0,24.98902509033195
OX25,51.722970485687256,24,0.0,0,303.54875922203064,224,0.0,0,29.986830108398337
OX25,40.36312198638916,40,0.0,0,343.9118812084198,264,0.0,0,34.98463512646473
OX25,43.00888252258301,50,0.0,0,386.9207637310028,314,0.0,0,39.98244014453112
OX25,55.464805603027344,39,0.0,0,442.38556933403015,353,0.0,0,44.98024516259751
OX25,45.8367874622345,37,0.0,0,488.22235679626465,390,0.0,0,49.9780501806639
OX25,53.56845498085022,34,0.0,0,541.7908117771149,424,0.0,0,54.97585519873029
OX25,53.708580493927,45,0.0,0,595.4993922710419,469,0.0,0,59.973660216796674
OX25,44.559144496917725,70,0.0,0,640.0585367679596,539,0.0,0,64.97146523486308
OX25,51.32686805725098,58,0.06664729118347168,1,691.3854048252106,597,0.06664729118347168,1,69.96927025292946
OX25,45.34522485733032,45,1.7174994945526123,9,736.7306296825409,642,1.784146785736084,10,74.96707527099585
OX25,42.87057423591614,42,0.0,0,779.601203918457,684,1.784146785736084,10,79.96488028906224
OX25,43.53232789039612,51,0.0,0,823.1335318088531,735,1.784146785736084,10,84.96268530712862
OX25,46.721861839294434,59,0.0,0,869.8553936481476,794,1.784146785736084,10,89.96049032519502
OX25,53.01899743080139,35,0.0,0,922.874391078949,829,1.784146785736084,10,94.9582953432614
OX25,46.60714626312256,48,0.0,0,969.4815373420715,877,1.784146785736084,10,99.9561003613278
OX26,18.14293599128723,11,13.112863302230835,13,18.14293599128723,11,13.112863302230835,13,4.997817546922741
OX26,27.598978281021118,20,2.737896680831909,9,45.74191427230835,31,15.850759983062744,22,9.995635093845483
OX26,33.61518883705139,10,0.0,0,79.35710310935974,41,15.850759983062744,22,14.993452640768224
OX26,26.958024740219116,28,0.0,0,106.31512784957886,69,15.850759983062744,22,19.991270187690965
OX26,31.24755597114563,19,0.0,0,137.5626838207245,88,15.850759983062744,22,24.989087734613705
OX26,25.957228183746338,22,0.0,0,163.51991200447083,110,15.850759983062744,22,29.986905281536448
OX26,34.78518223762512,23,0.0,0,198.30509424209595,133,15.850759983062744,22,34.984722828459184
OX26,29.82494354248047,17,0.0,0,228.13003778457642,150,15.850759983062744,22,39.98254037538193
OX26,32.47679567337036,24,0.0,0,260.6068334579468,174,15.850759983062744,22,44.98035792230467
OX26,34.160303831100464,13,0.0,0,294.76713728904724,187,15.850759983062744,22,49.97817546922741
OX26,31.834063291549683,23,0.0,0,326.6012005805969,210,15.850759983062744,22,54.97599301615015
OX26,30.173423290252686,28,0.0,0,356.7746238708496,238,15.850759983062744,22,59.973810563072895
OX26,24.487767934799194,19,0.0,0,381.2623918056488,257,15.850759983062744,22,64.97162810999563
OX26,34.023804903030396,21,0.0,0,415.2861967086792,278,15.850759983062744,22,69.96944565691837
OX26,31.410020112991333,8,0.0,0,446.69621682167053,286,15.850759983062744,22,74.96726320384111
OX26,32.716869831085205,29,0.0,0,479.41308665275574,315,15.850759983062744,22,79.96508075076386
OX26,33.752923250198364,27,0.0,0,513.1660099029541,342,15.850759983062744,22,84.96289829768659
OX26,32.645235538482666,20,0.0,0,545.8112454414368,362,15.850759983062744,22,89.96071584460934
OX26,34.32459211349487,24,0.0,0,580.1358375549316,386,15.850759983062744,22,94.95853339153209
OX26,33.625025510787964,23,0.0,0,613.7608630657196,409,15.850759983062744,22,99.95635093845482
OX27,28.23867893218994,22,11.270063638687134,23,28.23867893218994,22,11.270063638687134,23,4.996448022732655
OX27,32.863096475601196,31,13.4730064868927,38,61.10177540779114,53,24.743070125579834,61,9.99289604546531
OX27,30.485451459884644,34,18.544644594192505,34,91.58722686767578,87,43.28771471977234,95,14.989344068197962
OX27,28.638965129852295,31,27.874327421188354,54,120.22619199752808,118,71.1620421409607,149,19.98579209093062
OX27,28.097692012786865,37,14.654906749725342,20,148.32388401031494,155,85.81694889068604,169,24.982240113663273
OX27,21.622343063354492,26,25.566214561462402,46,169.94622707366943,181,111.38316345214844,215,29.978688136395924
OX27,26.96925950050354,34,0.0,0,196.91548657417297,215,111.38316345214844,215,34.97513615912858
OX27,31.926127195358276,33,0.1334524154663086,2,228.84161376953125,248,111.51661586761475,217,39.97158418186124
OX27,30.985742807388306,41,1.6182639598846436,3,259.82735657691956,289,113.13487982749939,220,44.96803220459389
OX27,27.891086101531982,30,0.0,0,287.71844267845154,319,113.13487982749939,220,49.96448022732655
OX27,28.731253623962402,34,0.0,0,316.44969630241394,353,113.13487982749939,220,54.960928250059204
OX27,28.433653831481934,29,0.0,0,344.8833501338959,382,113.13487982749939,220,59.95737627279185
OX27,34.960500717163086,26,2.249286413192749,7,379.84385085105896,408,115.38416624069214,227,64.95382429552451
OX27,39.78999423980713,30,8.691365480422974,18,419.6338450908661,438,124.07553172111511,245,69.95027231825716
OX27,42.30299925804138,30,1.8480021953582764,7,461.93684434890747,468,125.92353391647339,252,74.94672034098981
OX27,34.490230560302734,28,3.631699562072754,11,496.4270749092102,496,129.55523347854614,263,79.94316836372248
OX27,36.73625826835632,26,11.205241203308105,14,533.1633331775665,522,140.76047468185425,277,84.93961638645513
OX27,40.33739495277405,25,7.398330926895142,11,573.5007281303406,547,148.1588056087494,288,89.93606440918778
OX27,34.21334624290466,25,24.207709789276123,25,607.7140743732452,572,172.3665153980255,313,94.93251243192043
OX27,34.00678014755249,25,28.784972429275513,40,641.7208545207977,597,201.15148782730103,353,99.9289604546531
OX28,37.222981452941895,27,18.62601637840271,47,37.222981452941895,27,18.62601637840271,47,5.0
OX28,48.0405490398407,17,7.373095989227295,11,85.26353049278259,44,25.999112367630005,58,10.0
OX28,44.42892789840698,29,22.241289615631104,23,129.69245839118958,73,48.24040198326111,81,15.0
OX28,43.74069023132324,21,2.700082302093506,4,173.43314862251282,94,50.940484285354614,85,20.0
OX28,40.155556440353394,20,0.0,0,213.5887050628662,114,50.940484285354614,85,25.0
OX28,45.79150986671448,33,0.0,0,259.3802149295807,147,50.940484285354614,85,30.0
OX28,40.67860794067383,15,3.7834792137145996,13,300.0588228702545,162,54.723963499069214,98,35.0
OX28,36.86781311035156,22,0.06665825843811035,1,336.9266359806061,184,54.790621757507324,99,40.0
OX28,41.02130150794983,23,4.653016567230225,12,377.9479374885559,207,59.44363832473755,111,45.0
OX28,37.27676463127136,31,0.0,0,415.22470211982727,238,59.44363832473755,111,50.0
OX28,42.28895974159241,17,0.0,0,457.5136618614197,255,59.44363832473755,111,55.00000000000001
OX28,25.243305444717407,33,0.0,0,482.7569673061371,288,59.44363832473755,111,60.0
OX28,31.066654920578003,36,2.42337703704834,4,513.8236222267151,324,61.86701536178589,115,65.0
OX28,34.36060070991516,31,0.0,0,548.1842229366302,355,61.86701536178589,115,70.0
OX28,39.96379590034485,25,0.06642699241638184,1,588.1480188369751,380,61.93344235420227,116,75.0
OX28,35.23593282699585,33,0.0,0,623.383951663971,413,61.93344235420227,116,80.0
OX28,33.97695755958557,27,0.0,0,657.3609092235565,440,61.93344235420227,116,85.0
OX28,27.260759353637695,31,0.0,0,684.6216685771942,471,61.93344235420227,116,90.0
OX28,43.49500370025635,23,0.0,0,728.1166722774506,494,61.93344235420227,116,95.0
OX28,46.51616621017456,12,0.0,0,774.6328384876251,506,61.93344235420227,116,100.0
OX29,28.747487783432007,29,0.0,0,28.747487783432007,29,0.0,0,4.999112845990064
OX29,43.66292333602905,14,0.0,0,72.41041111946106,43,0.0,0,9.998225691980128
OX29,35.115994453430176,19,9.593642473220825,20,107.52640557289124,62,9.593642473220825,20,14.997338537970192
OX29,39.48619866371155,27,27.514875411987305,38,147.01260423660278,89,37.10851788520813,58,19.996451383960256
OX29,41.11143684387207,25,9.82179880142212,24,188.12404108047485,114,46.93031668663025,82,24.995564229950322
OX29,43.05080032348633,19,7.097132444381714,27,231.17484140396118,133,54.02744913101196,109,29.994677075940384
OX29,41.04992341995239,33,0.8161203861236572,1,272.2247648239136,166,54.84356951713562,110,34.99378992193044
OX29,43.817240953445435,32,0.0,0,316.042005777359,198,54.84356951713562,110,39.99290276792051
OX29,36.13833808898926,32,1.4018840789794922,1,352.18034386634827,230,56.24545359611511,111,44.992015613910574
OX29,38.60136103630066,26,0.0,0,390.7817049026489,256,56.24545359611511,111,49.991128459900644
OX29,38.892298460006714,29,0.0,0,429.67400336265564,285,56.24545359611511,111,54.990241305890706
OX29,41.95769190788269,23,3.332197904586792,4,471.63169527053833,308,59.577651500701904,115,59.98935415188077
OX29,45.75511980056763,36,0.0,0,517.386815071106,344,59.577651500701904,115,64.98846699787083
OX29,41.214447259902954,26,0.0,0,558.6012623310089,370,59.577651500701904,115,69.98757984386089
OX29,35.94774317741394,30,0.0,0,594.5490055084229,400,59.577651500701904,115,74.98669268985095
OX29,43.871548891067505,25,5.051870822906494,3,638.4205543994904,425,64.6295223236084,118,79.98580553584102
OX29,40.21612572669983,33,0.0,0,678.6366801261902,458,64.6295223236084,118,84.9849183818311
OX29,43.89090847969055,31,0.15001821517944336,2,722.5275886058807,489,64.77954053878784,120,89.98403122782115
OX29,38.46016073226929,27,0.0,0,760.98774933815,516,64.77954053878784,120,94.9831440738112
OX29,37.529175758361816,27,1.5839314460754395,2,798.5169250965118,543,66.36347198486328,122,99.98225691980129
OX31,16.125964641571045,22,9.492566108703613,23,16.125964641571045,22,9.492566108703613,23,4.995368941031182
OX31,24.578017473220825,35,8.320323467254639,19,40.70398211479187,57,17.812889575958252,42,9.990737882062364
OX31,25.951236963272095,29,16.519047737121582,28,66.65521907806396,86,34.331937313079834,70,14.986106823093548
OX31,26.526194095611572,25,9.021552801132202,28,93.18141317367554,111,43.353490114212036,98,19.981475764124728
OX31,23.96162438392639,19,2.930438280105591,20,117.14303755760193,130,46.28392839431763,118,24.976844705155912
OX31,30.996277570724487,11,10.833298206329346,46,148.13931512832642,141,57.11722660064697,164,29.972213646187097
OX31,21.32594323158264,23,5.097228527069092,25,169.46525835990906,164,62.214455127716064,189,34.967582587218274
OX31,27.870091676712036,9,15.951078176498413,78,197.3353500366211,173,78.16553330421448,267,39.962951528249455
OX31,27.739640951156616,17,2.8805291652679443,19,225.0749909877777,190,81.04606246948242,286,44.95832046928064
OX31,28.86721110343933,17,0.3464043140411377,4,253.94220209121704,207,81.39246678352356,290,49.953689410311824
OX31,26.73744821548462,23,0.0,0,280.67965030670166,230,81.39246678352356,290,54.949058351343005
OX31,29.528501987457275,16,0.5087695121765137,2,310.20815229415894,246,81.90123629570007,292,59.94442729237419
OX31,23.411476850509644,23,0.2513284683227539,1,333.6196291446686,269,82.15256476402283,293,64.93979623340536
OX31,28.362253427505493,18,13.524808645248413,24,361.9818825721741,287,95.67737340927124,317,69.93516517443655
OX31,30.628124952316284,18,1.0105080604553223,4,392.61000752449036,305,96.68788146972656,321,74.93053411546774
OX31,28.933056354522705,24,0.0,0,421.54306387901306,329,96.68788146972656,321,79.92590305649891
OX31,25.789122104644775,25,0.0,0,447.33218598365784,354,96.68788146972656,321,84.9212719975301
OX31,21.649182319641113,29,0.0,0,468.98136830329895,383,96.68788146972656,321,89.91664093856129
OX31,24.65452265739441,13,0.0,0,493.63589096069336,396,96.68788146972656,321,94.91200987959246
OX31,25.74971628189087,26,0.0,0,519.3856072425842,422,96.68788146972656,321,99.90737882062365
OX32,37.03921866416931,46,17.92490530014038,41,37.03921866416931,46,17.92490530014038,41,4.997786957804662
OX32,45.00196075439453,40,23.079697370529175,63,82.04117941856384,86,41.004602670669556,104,9.995573915609324
OX32,44.142574310302734,38,25.569096565246582,46,126.18375372886658,124,66.57369923591614,150,14.993360873413986
OX32,39.0966317653656,40,11.600666522979736,19,165.28038549423218,164,78.17436575889587,169,19.991147831218647
OX32,48.91706395149231,37,8.862215757369995,24,214.1974494457245,201,87.03658151626587,193,24.98893478902331
OX32,43.44900321960449,47,12.106225728988647,42,257.646452665329,248,99.14280724525452,235,29.98672174682797
OX32,36.67264437675476,61,0.318162202835083,3,294.31909704208374,309,99.4609694480896,238,34.98450870463263
OX32,45.683552265167236,51,0.6912987232208252,5,340.002649307251,360,100.15226817131042,243,39.982295662437295
OX32,37.88712167739868,57,4.533357381820679,17,377.88977098464966,417,104.6856255531311,260,44.98008262024196
OX32,46.58617854118347,46,10.115158796310425,41,424.47594952583313,463,114.80078434944153,301,49.97786957804662
OX32,35.822375535964966,49,3.051331043243408,19,460.2983250617981,512,117.85211539268494,320,54.97565653585128
OX32,39.38019394874573,66,0.15854573249816895,2,499.6785190105438,578,118.0106611251831,322,59.97344349365594
OX32,35.964370250701904,49,0.4757356643676758,4,535.6428892612457,627,118.48639678955078,326,64.9712304514606
OX32,39.431153297424316,63,0.9494712352752686,6,575.07404255867,690,119.43586802482605,332,69.96901740926526
OX32,36.36232852935791,72,11.907791376113892,41,611.436371088028,762,131.34365940093994,373,74.96680436706993
OX32,37.75810885429382,63,6.737840175628662,28,649.1944799423218,825,138.0814995765686,401,79.96459132487459
OX32,45.67543172836304,52,4.42400598526001,7,694.8699116706848,877,142.5055055618286,408,84.96237828267925
OX32,35.99263381958008,64,0.3139967918395996,2,730.8625454902649,941,142.8195023536682,410,89.96016524048392
OX32,44.669002532958984,55,2.7737503051757812,8,775.5315480232239,996,145.593252658844,418,94.95795219828858
OX32,43.02078104019165,62,5.76815390586853,17,818.5523290634155,1058,151.36140656471252,435,99.95573915609324
OX33,26.731515884399414,37,1.7097597122192383,6,26.731515884399414,37,1.7097597122192383,6,4.999367968651245
OX33,21.186734914779663,33,5.137356519699097,8,47.91825079917908,70,6.847116231918335,14,9.99873593730249
OX33,29.971602201461792,8,9.698265790939331,12,77.88985300064087,78,16.545382022857666,26,14.998103905953736
OX33,20.037328958511353,9,15.663549423217773,32,97.92718195915222,87,32.20893144607544,58,19.99747187460498
OX33,28.710164785385132,19,3.3575897216796875,7,126.63734674453735,106,35.56652116775513,65,24.996839843256225
OX33,30.290725231170654,17,0.0,0,156.928071975708,123,35.56652116775513,65,29.99620781190747
OX33,27.750269889831543,22,0.5345826148986816,3,184.67834186553955,145,36.10110378265381,68,34.99557578055871
OX33,23.5325665473938,18,0.0,0,208.21090841293335,163,36.10110378265381,68,39.99494374920996
OX33,21.347933053970337,9,0.0,0,229.5588414669037,172,36.10110378265381,68,44.99431171786121
OX33,28.058175563812256,17,0.5994582176208496,4,257.61701703071594,189,36.70056200027466,72,49.99367968651245
OX33,21.045741319656372,21,0.0,0,278.6627583503723,210,36.70056200027466,72,54.99304765516369
OX33,28.733957052230835,32,0.0,0,307.39671540260315,242,36.70056200027466,72,59.99241562381494
OX33,27.497578144073486,21,0.0,0,334.89429354667664,263,36.70056200027466,72,64.99178359246619
OX33,25.170892477035522,13,0.5338513851165771,3,360.06518602371216,276,37.234413385391235,75,69.99115156111742
OX33,28.340237855911255,16,5.802684545516968,33,388.4054238796234,292,43.0370979309082,108,74.99051952976868
OX33,17.8677077293396,10,2.6389591693878174,12,406.273131608963,302,45.67605710029602,120,79.98988749841992
OX33,19.511279582977295,20,6.247508525848389,34,425.7844111919403,322,51.92356562614441,154,84.98925546707116
OX33,18.41781973838806,12,7.909555435180664,39,444.20223093032837,334,59.83312106132507,193,89.98862343572242
OX33,8.694588899612427,9,10.180050134658813,62,452.8968198299408,343,70.01317119598389,255,94.98799140437366
OX33,26.969926595687866,21,1.9234843254089355,12,479.86674642562866,364,71.93665552139282,267,99.9873593730249
OX34,34.46507120132446,39,11.30896782875061,30,34.46507120132446,39,11.30896782875061,30,4.9987843423292
OX34,6.241014242172241,18,7.877669334411621,17,40.706085443496704,57,19.18663716316223,47,9.9975686846584
OX34,14.690895080566406,26,1.1419873237609863,6,55.39698052406311,83,20.328624486923218,53,14.996353026987599
OX34,39.09892201423645,20,1.594421625137329,6,94.49590253829956,103,21.923046112060547,59,19.9951373693168
OX34,38.0896098613739,18,5.488468885421753,13,132.58551239967346,121,27.4115149974823,72,24.993921711646
OX34,32.810887813568115,26,7.404810190200806,18,165.39640021324158,147,34.816325187683105,90,29.992706053975198
OX34,35.57880210876465,28,10.98250126838684,26,200.97520232200623,175,45.798826456069946,116,34.9914903963044
OX34,32.62178707122803,36,0.7832925319671631,2,233.59698939323425,211,46.58211898803711,118,39.9902747386336
OX34,32.105292558670044,33,0.0,0,265.7022819519043,244,46.58211898803711,118,44.989059080962804
OX34,30.852213859558105,30,0.0,0,296.5544958114624,274,46.58211898803711,118,49.987843423292
OX34,29.20585799217224,32,8.057467699050903,25,325.76035380363464,306,54.63958668708801,143,54.9866277656212
OX34,33.296085834503174,34,7.875447511672974,29,359.0564396381378,340,62.515034198760986,172,59.985412107950395
OX34,36.447181701660156,28,2.8603618144989014,8,395.503621339798,368,65.37539601325989,180,64.9841964502796
OX34,35.717488288879395,22,0.0,0,431.22110962867737,390,65.37539601325989,180,69.9829807926088
OX34,30.5217068195343,30,9.330947160720825,48,461.74281644821167,420,74.70634317398071,228,74.981765134938
OX34,21.086455583572388,34,2.768177032470703,20,482.82927203178406,454,77.47452020645142,248,79.9805494772672
OX34,32.9571487903595,24,13.885749816894531,37,515.7864208221436,478,91.36027002334595,285,84.9793338195964
OX34,34.059897899627686,37,12.579545974731445,33,549.8463187217712,515,103.93981599807739,318,89.97811816192561
OX34,33.83098292350769,33,7.62329626083374,22,583.6773016452789,548,111.56311225891113,340,94.9769025042548
OX34,35.17937183380127,27,11.210721254348755,54,618.8566734790802,575,122.77383351325989,394,99.975686846584
O20,13.721993446350098,12,6.042457342147827,11,13.721993446350098,12,6.042457342147827,11,4.998904949627683
O20,32.05116009712219,30,2.962895631790161,8,45.77315354347229,42,9.005352973937988,19,9.997809899255365
O20,29.46235966682434,26,0.0,0,75.23551321029663,68,9.005352973937988,19,14.99671484888305
O20,27.195495128631592,27,0.0,0,102.43100833892822,95,9.005352973937988,19,19.99561979851073
O20,29.87158179283142,19,0.37737369537353516,3,132.30259013175964,114,9.382726669311523,22,24.994524748138414
O20,29.22382354736328,32,0.0,0,161.52641367912292,146,9.382726669311523,22,29.9934296977661
O20,33.553245544433594,20,0.0,0,195.07965922355652,166,9.382726669311523,22,34.99233464739378
O20,26.480252027511597,37,0.0,0,221.55991125106812,203,9.382726669311523,22,39.99123959702146
O20,32.12917160987854,30,0.0,0,253.68908286094666,233,9.382726669311523,22,44.99014454664915
O20,29.451031923294067,21,0.12472271919250488,2,283.1401147842407,254,9.507449388504028,24,49.98904949627683
O20,33.50515413284302,17,0.0,0,316.64526891708374,271,9.507449388504028,24,54.987954445904506
O20,30.224812746047974,13,0.7611515522003174,2,346.8700816631317,284,10.268600940704346,26,59.9868593955322
O20,14.639211416244507,14,1.5320401191711426,6,361.5092930793762,298,11.800641059875488,32,64.98576434515988
O20,0.0,0,0.0,0,361.5092930793762,298,11.800641059875488,32,69.98466929478757
O20,0.0,0,0.0,0,361.5092930793762,298,11.800641059875488,32,74.98357424441524
O20,0.0,0,0.0,0,361.5092930793762,298,11.800641059875488,32,79.98247919404292
O20,0.0,0,0.0,0,361.5092930793762,298,11.800641059875488,32,84.98138414367061
O20,0.0,0,7.704712629318237,8,361.5092930793762,298,19.505353689193726,40,89.9802890932983
O20,0.0,0,0.0,0,361.5092930793762,298,19.505353689193726,40,94.97919404292597
O20,3.711575746536255,7,0.0,0,365.2208688259125,305,19.505353689193726,40,99.97809899255365
O21,14.770554780960083,16,6.485987424850464,15,14.770554780960083,16,6.485987424850464,15,4.993844259772238
O21,17.43911075592041,37,6.655534505844116,18,32.20966553688049,53,13.14152193069458,33,9.987688519544475
O21,10.819087266921997,23,5.543770790100098,9,43.02875280380249,76,18.685292720794678,42,14.981532779316714
O21,12.335998773574829,29,1.9528679847717285,9,55.36475157737732,105,20.638160705566406,51,19.97537703908895
O21,13.867903709411621,15,1.0115222930908203,4,69.23265528678894,120,21.649682998657227,55,24.96922129886119
O21,27.020942449569702,11,0.0,0,96.25359773635864,131,21.649682998657227,55,29.963065558633428
O21,23.939634561538696,13,0.3951272964477539,3,120.19323229789734,144,22.04481029510498,58,34.95690981840566
O21,20.734564542770386,26,1.1062672138214111,3,140.92779684066772,170,23.15107750892639,61,39.9507540781779
O21,23.350019931793213,16,2.8920300006866455,8,164.27781677246094,186,26.043107509613037,69,44.94459833795014
O21,18.64180040359497,22,1.102602481842041,1,182.9196171760559,208,27.145709991455078,70,49.93844259772238
O21,21.339739322662354,20,0.0,0,204.25935649871826,228,27.145709991455078,70,54.93228685749462
O21,18.86926817893982,22,0.0,0,223.12862467765808,250,27.145709991455078,70,59.926131117266856
O21,9.615038394927979,14,0.0,0,232.74366307258606,264,27.145709991455078,70,64.91997537703908
O21,7.348674058914185,15,0.3463318347930908,1,240.09233713150024,279,27.49204182624817,71,69.91381963681133
O21,16.12663984298706,12,0.0,0,256.2189769744873,291,27.49204182624817,71,74.90766389658357
O21,19.23604154586792,12,0.0,0,275.4550185203552,303,27.49204182624817,71,79.9015081563558
O21,22.693380117416382,9,0.23681139945983887,1,298.1483986377716,312,27.728853225708008,72,84.89535241612805
O21,19.1141357421875,18,1.2302367687225342,7,317.2625343799591,330,28.959089994430542,79,89.88919667590028
O21,15.123857259750366,27,7.8573713302612305,31,332.3863916397095,357,36.81646132469177,110,94.88304093567251
O21,21.317460536956787,21,8.342023372650146,29,353.70385217666626,378,45.15848469734192,139,99.87688519544476
O20,13.721993446350098,12,6.042457342147827,11,13.721993446350098,12,6.042457342147827,11,4.998904949627683
O20,32.05116009712219,30,2.962895631790161,8,45.77315354347229,42,9.005352973937988,19,9.997809899255365
O20,29.46235966682434,26,0.0,0,75.23551321029663,68,9.005352973937988,19,14.99671484888305
O20,27.195495128631592,27,0.0,0,102.43100833892822,95,9.005352973937988,19,19.99561979851073
O20,29.87158179283142,19,0.37737369537353516,3,132.30259013175964,114,9.382726669311523,22,24.994524748138414
O20,29.22382354736328,32,0.0,0,161.52641367912292,146,9.382726669311523,22,29.9934296977661
O20,33.553245544433594,20,0.0,0,195.07965922355652,166,9.382726669311523,22,34.99233464739378
O20,26.480252027511597,37,0.0,0,221.55991125106812,203,9.382726669311523,22,39.99123959702146
O20,32.12917160987854,30,0.0,0,253.68908286094666,233,9.382726669311523,22,44.99014454664915
O20,29.451031923294067,21,0.12472271919250488,2,283.1401147842407,254,9.507449388504028,24,49.98904949627683
O20,33.50515413284302,17,0.0,0,316.64526891708374,271,9.507449388504028,24,54.987954445904506
O20,30.224812746047974,13,0.7611515522003174,2,346.8700816631317,284,10.268600940704346,26,59.9868593955322
O20,14.639211416244507,14,1.5320401191711426,6,361.5092930793762,298,11.800641059875488,32,64.98576434515988
O20,0.0,0,0.0,0,361.5092930793762,298,11.800641059875488,32,69.98466929478757
O20,0.0,0,0.0,0,361.5092930793762,298,11.800641059875488,32,74.98357424441524
O20,0.0,0,0.0,0,361.5092930793762,298,11.800641059875488,32,79.98247919404292
O20,0.0,0,0.0,0,361.5092930793762,298,11.800641059875488,32,84.98138414367061
O20,0.0,0,7.704712629318237,8,361.5092930793762,298,19.505353689193726,40,89.9802890932983
O20,0.0,0,0.0,0,361.5092930793762,298,19.505353689193726,40,94.97919404292597
O20,3.711575746536255,7,0.0,0,365.2208688259125,305,19.505353689193726,40,99.97809899255365
